PriceCategory,Type,Region,MunicipalityCode,Prefecture,Municipality,DistrictName,TradePrice,PricePerUnit,FloorPlan,Area,UnitPrice,LandShape,Frontage,TotalFloorArea,BuildingYear,Structure,Use,Purpose,Direction,Classification,Breadth,CityPlanning,CoverageRatio,FloorAreaRatio,Period,Renovation,Remarks
不動産取引価格情報,宅地(土地),住宅地,26103,京都府,京都市左京区,一乗寺梅ノ木町,44000000,380000,,390,110000,ほぼ整形,10,, ,,,その他,東,市道,6,第１種低層住居専用地域,50,80,2021年第1四半期,,
不動産取引価格情報,宅地(土地),住宅地,26103,京都府,京都市左京区,一乗寺中ノ田町,470000000,750000,,9999,230000,ほぼ長方形,20.1,, ,,,住宅,西,市道,7.6,第１種低層住居専用地域,50,80,2021年第1四半期,,
不動産取引価格情報,宅地(土地と建物),住宅地,26103,京都府,京都市左京区,一乗寺西杉ノ宮町,12000000,,,35,,長方形,4.1,, ,木造,住宅,住宅,北東,私道,1.5,第１種住居地域,60,200,2021年第1四半期,,
不動産取引価格情報,宅地(土地と建物),住宅地,26103,京都府,京都市左京区,一乗寺松原町,43000000,,,120,,長方形,6.5,100,2020年,木造,住宅,住宅,北,市道,5.5,第１種低層住居専用地域,50,80,2021年第1四半期,,
不動産取引価格情報,宅地(土地と建物),住宅地,26103,京都府,京都市左京区,岩倉木野町,5000000,,,100,,ほぼ長方形,4.5,70,1977年,木造,住宅,住宅,西,私道,4,第１種低層住居専用地域,40,60,2021年第1四半期,,
不動産取引価格情報,宅地(土地),住宅地,26103,京都府,京都市左京区,岩倉長谷町,29000000,430000,,220,130000,ほぼ長方形,14,, ,,,住宅,東,私道,4,第１種低層住居専用地域,40,60,2021年第1四半期,,
不動産取引価格情報,宅地(土地と建物),住宅地,26103,京都府,京都市左京区,岩倉長谷町,30000000,,,130,,ほぼ長方形,7.9,75,2005年,,住宅,住宅,北,私道,6,第１種低層住居専用地域,40,60,2021年第1四半期,,
不動産取引価格情報,宅地(土地),住宅地,26103,京都府,京都市左京区,岩倉三宅町,320000000,300000,,9999,91000,不整形,20.2,, ,,,,北,市道,6,第１種低層住居専用地域,40,60,2021年第1四半期,,私道を含む取引
不動産取引価格情報,宅地(土地と建物),宅地見込地,26103,京都府,京都市左京区,大原井出町,31000000,,,600,,ほぼ台形,,270,1989年,鉄骨造,住宅,,西,私道,2,市街化調整区域,,,2021年第1四半期,,
不動産取引価格情報,宅地(土地と建物),住宅地,26103,京都府,京都市左京区,岡崎西天王町,4500000,,,40,,長方形,3.7,45,1979年,木造,住宅,住宅,南,私道,4,第２種中高層住居専用地域,60,200,2021年第1四半期,,
不動産取引価格情報,中古マンション等,,26103,京都府,京都市左京区,岡崎南御所町,74000000,,２ＬＤＫ,65,,,,,2015年,ＲＣ,住宅,住宅,,,,第１種低層住居専用地域,40,60,2021年第1四半期,未改装,
不動産取引価格情報,宅地(土地と建物),住宅地,26103,京都府,京都市左京区,上高野大橋町,14000000,,,75,,ほぼ正方形,9,70,1978年,木造,住宅,事務所,北,市道,4.5,第２種中高層住居専用地域,60,200,2021年第1四半期,,
不動産取引価格情報,宅地(土地と建物),住宅地,26103,京都府,京都市左京区,上高野車地町,51000000,,,145,,ほぼ長方形,8,90,2021年,木造,住宅,,北,市道,6,第１種低層住居専用地域,40,60,2021年第1四半期,,
不動産取引価格情報,宅地(土地と建物),住宅地,26103,京都府,京都市左京区,下鴨蓼倉町,24000000,,,75,,ほぼ長方形,4.5,80, ,木造,住宅,住宅,南,私道,3,第１種低層住居専用地域,60,100,2021年第1四半期,,
不動産取引価格情報,宅地(土地と建物),住宅地,26103,京都府,京都市左京区,修学院登リ内町,8000000,,,50,,ほぼ長方形,3.5,,1972年,木造,住宅,住宅,西,私道,4,第１種低層住居専用地域,50,80,2021年第1四半期,,私道を含む取引
不動産取引価格情報,宅地(土地と建物),住宅地,26103,京都府,京都市左京区,修学院登リ内町,15000000,,,50,,ほぼ長方形,4.4,85,1983年,ＲＣ、木造,住宅、駐車場,住宅,西,市道,5,第１種低層住居専用地域,50,80,2021年第1四半期,,
不動産取引価格情報,宅地(土地と建物),商業地,26103,京都府,京都市左京区,浄土寺西田町,31000000,,,45,,長方形,4.2,50, ,木造,店舗,,北,府道,22,近隣商業地域,80,300,2021年第1四半期,,
不動産取引価格情報,宅地(土地と建物),商業地,26103,京都府,京都市左京区,浄土寺馬場町,190000000,,,290,,不整形,20,750,1977年,ＲＣ,共同住宅、店舗,その他,西,市道,23,近隣商業地域,80,300,2021年第1四半期,,
不動産取引価格情報,中古マンション等,,26103,京都府,京都市左京区,高野東開町,21000000,,２ＬＤＫ,60,,,,,1981年,ＲＣ,住宅,住宅,,,,第１種住居地域,60,200,2021年第1四半期,未改装,
不動産取引価格情報,中古マンション等,,26103,京都府,京都市左京区,高野東開町,26000000,,２ＬＤＫ,60,,,,,1981年,ＲＣ,住宅,住宅,,,,第１種住居地域,60,200,2021年第1四半期,未改装,
不動産取引価格情報,中古マンション等,,26103,京都府,京都市左京区,高野東開町,19000000,,３ＬＤＫ,70,,,,,1980年,ＲＣ,住宅,,,,,第１種住居地域,60,200,2021年第1四半期,未改装,
不動産取引価格情報,中古マンション等,,26103,京都府,京都市左京区,高野東開町,23000000,,３ＬＤＫ,75,,,,,1981年,ＲＣ,住宅,住宅,,,,第１種住居地域,60,200,2021年第1四半期,改装済み,
不動産取引価格情報,宅地(土地と建物),住宅地,26103,京都府,京都市左京区,田中東春菜町,150000000,,,190,,長方形,10.6,240,2010年,ＲＣ,共同住宅,住宅,南,市道,6,第２種中高層住居専用地域,60,200,2021年第1四半期,,
不動産取引価格情報,中古マンション等,,26103,京都府,京都市左京区,東門前町,14000000,,１Ｋ,20,,,,,2005年,ＲＣ,住宅,住宅,,,,近隣商業地域,80,300,2021年第1四半期,,
不動産取引価格情報,中古マンション等,,26103,京都府,京都市左京区,松ケ崎井出ケ海道町,42000000,,２ＬＤＫ,65,,,,,2004年,ＲＣ,住宅,住宅,,,,第２種中高層住居専用地域,60,300,2021年第1四半期,未改装,
不動産取引価格情報,宅地(土地),住宅地,26103,京都府,京都市左京区,松ケ崎西桜木町,100000000,1200000,,270,380000,長方形,12,, ,,,住宅,南西,市道,6,第１種低層住居専用地域,50,80,2021年第1四半期,,
不動産取引価格情報,宅地(土地),住宅地,26103,京都府,京都市左京区,松ケ崎西桜木町,73000000,1400000,,175,410000,ほぼ長方形,15,, ,,,住宅,南西,市道,6,第１種低層住居専用地域,50,80,2021年第1四半期,,
不動産取引価格情報,宅地(土地と建物),住宅地,26103,京都府,京都市左京区,松ケ崎柳井田町,7600000,,,65,,ほぼ長方形,4.5,65, ,木造,住宅,住宅,北,市道,6,第１種低層住居専用地域,50,80,2021年第1四半期,,関係者間取引
不動産取引価格情報,中古マンション等,,26103,京都府,京都市左京区,山端大城田町,33000000,,３ＬＤＫ,70,,,,,1995年,ＲＣ,住宅,住宅,,,,第１種住居地域,60,200,2021年第1四半期,未改装,
不動産取引価格情報,宅地(土地と建物),住宅地,26103,京都府,京都市左京区,吉田上阿達町,6000000,,,60,,ほぼ長方形,5,45, ,木造,住宅,その他,北,私道,3.5,第１種住居地域,60,200,2021年第1四半期,,私道を含む取引
不動産取引価格情報,中古マンション等,,26103,京都府,京都市左京区,吉田河原町,42000000,,,60,,,,,2005年,ＲＣ,住宅,,,,,第２種住居地域,60,200,2021年第1四半期,,
成約価格情報,宅地(土地と建物),,26103,京都府,京都市左京区,一乗寺中ノ田町,27000000,,３ＬＤＫ,85,,,,95,1988年,木造,,,西,公道,5.8,第１種低層住居専用地域,50,80,2021年第1四半期,,
成約価格情報,中古マンション等,,26103,京都府,京都市左京区,一乗寺西水干町,45000000,,３ＬＤＫ,85,,,,,2006年,ＲＣ,,,,,,第１種住居地域,,,2021年第1四半期,,
成約価格情報,宅地(土地と建物),,26103,京都府,京都市左京区,一乗寺松原町,44000000,,３ＬＤＫ＋Ｓ,115,,,,100,2020年,木造,,,北,公道,6.7,第１種低層住居専用地域,50,80,2021年第1四半期,,
成約価格情報,宅地(土地と建物),,26103,京都府,京都市左京区,岩倉長谷町,39000000,,３ＬＤＫ,160,,,,95,2021年,木造,,,西,公道,7,第１種低層住居専用地域,40,60,2021年第1四半期,,
成約価格情報,中古マンション等,,26103,京都府,京都市左京区,北白川地蔵谷町,20000000,,２ＬＤＫ＋Ｓ,75,,,,,1998年,ＲＣ,,,,,,第１種住居地域,,,2021年第1四半期,,
成約価格情報,宅地(土地と建物),,26103,京都府,京都市左京区,北白川山ノ元町,20000000,,３ＤＫ,80,,,,80,1972年,木造,,,,公道,4,第１種住居地域,60,200,2021年第1四半期,,
成約価格情報,宅地(土地と建物),,26103,京都府,京都市左京区,下鴨南芝町,56000000,,５ＤＫ,110,,,,90,1983年,木造,,,南,公道,5.8,第１種低層住居専用地域,50,80,2021年第1四半期,,
成約価格情報,中古マンション等,,26103,京都府,京都市左京区,高野東開町,44000000,,３ＬＤＫ,70,,,,,2013年,ＲＣ,,,,,,第１種住居地域,,,2021年第1四半期,,
成約価格情報,中古マンション等,,26103,京都府,京都市左京区,高野東開町,17000000,,３ＬＤＫ,65,,,,,1981年,ＲＣ,,,,,,第１種住居地域,,,2021年第1四半期,,
成約価格情報,中古マンション等,,26103,京都府,京都市左京区,東門前町,33000000,,１ＤＫ,40,,,,,2005年,ＲＣ,,,,,,近隣商業地域,,,2021年第1四半期,,
成約価格情報,中古マンション等,,26103,京都府,京都市左京区,吉田河原町,65000000,,２ＬＤＫ＋Ｓ,85,,,,,2005年,ＲＣ,,,,,,第２種住居地域,,,2021年第1四半期,,
成約価格情報,中古マンション等,,26103,京都府,京都市左京区,吉田河原町,42000000,,２ＬＤＫ,70,,,,,2005年,ＲＣ,,,,,,第２種住居地域,,,2021年第1四半期,,
不動産取引価格情報,宅地(土地と建物),住宅地,26103,京都府,京都市左京区,一乗寺才形町,76000000,,,160,,不整形,12.7,125,2021年,ＲＣ,住宅,住宅,北,私道,6,第１種低層住居専用地域,50,80,2021年第1四半期,,
不動産取引価格情報,宅地(土地),住宅地,26103,京都府,京都市左京区,岩倉大鷺町,77000000,930000,,270,280000,長方形,10,, ,,,住宅,南,市道,6.1,第１種低層住居専用地域,40,60,2021年第1四半期,,
不動産取引価格情報,宅地(土地と建物),住宅地,26103,京都府,京都市左京区,岩倉大鷺町,60000000,,,160,,ほぼ長方形,8.5,95,1991年,木造,住宅,住宅,東,市道,5,第１種低層住居専用地域,40,60,2021年第1四半期,,
不動産取引価格情報,宅地(土地と建物),住宅地,26103,京都府,京都市左京区,岩倉忠在地町,11000000,,,130,,ほぼ長方形,8.5,100, ,木造,住宅,住宅,南,市道,6,第１種低層住居専用地域,50,80,2021年第1四半期,,
不動産取引価格情報,宅地(土地と建物),住宅地,26103,京都府,京都市左京区,岩倉忠在地町,53000000,,,200,,長方形,8.1,105,2021年,木造,住宅,住宅,西,府道,6.5,第１種低層住居専用地域,40,60,2021年第1四半期,,
不動産取引価格情報,宅地(土地),住宅地,26103,京都府,京都市左京区,岩倉西宮田町,49000000,850000,,190,260000,ほぼ正方形,14,, ,,,住宅,南,市道,6,第１種低層住居専用地域,40,60,2021年第1四半期,,
不動産取引価格情報,宅地(土地),住宅地,26103,京都府,京都市左京区,上高野畑町,23000000,380000,,200,110000,不整形,26.5,, ,,,,西,市道,6,第１種低層住居専用地域,40,60,2021年第1四半期,,
不動産取引価格情報,宅地(土地と建物),住宅地,26103,京都府,京都市左京区,静市市原町,23000000,,,155,,ほぼ整形,8.5,100,1999年,木造,住宅,住宅,北,私道,6,第１種低層住居専用地域,40,60,2021年第1四半期,,
不動産取引価格情報,宅地(土地と建物),住宅地,26103,京都府,京都市左京区,静市市原町,23000000,,,135,,ほぼ正方形,6,80,2004年,木造,住宅,住宅,南東,市道,6.1,第１種低層住居専用地域,40,60,2021年第1四半期,,
不動産取引価格情報,宅地(土地),住宅地,26103,京都府,京都市左京区,下鴨高木町,43000000,1300000,,110,390000,ほぼ長方形,10,, ,,,住宅,南,市道,6,近隣商業地域,80,300,2021年第1四半期,,
不動産取引価格情報,宅地(土地と建物),住宅地,26103,京都府,京都市左京区,下鴨森ケ前町,47000000,,,90,,長方形,5,90,2021年,,,住宅,南,道路,3.2,第１種低層住居専用地域,60,100,2021年第1四半期,,
不動産取引価格情報,中古マンション等,,26103,京都府,京都市左京区,田中上古川町,22000000,,２ＬＤＫ,55,,,,,1997年,ＲＣ,住宅,住宅,,,,準住居地域,60,300,2021年第1四半期,未改装,
不動産取引価格情報,宅地(土地),住宅地,26103,京都府,京都市左京区,田中北春菜町,78000000,720000,,360,220000,長方形,10.5,, ,,,,東,市道,5.9,第１種低層住居専用地域,50,80,2021年第1四半期,,
不動産取引価格情報,中古マンション等,,26103,京都府,京都市左京区,田中門前町,27000000,,２ＬＤＫ,45,,,,,2012年,ＲＣ,住宅,住宅,,,,第１種中高層住居専用地域,60,200,2021年第1四半期,未改装,
不動産取引価格情報,宅地(土地と建物),住宅地,26103,京都府,京都市左京区,東竹屋町,12000000,,,45,,長方形,3.8,55,1970年,木造,住宅,住宅,北,私道,4,第１種住居地域,60,200,2021年第1四半期,,私道を含む取引
不動産取引価格情報,宅地(土地と建物),住宅地,26103,京都府,京都市左京区,東竹屋町,11000000,,,40,,ほぼ長方形,5,50,1970年,木造,住宅,住宅,東,私道,4,第１種住居地域,60,200,2021年第1四半期,,私道を含む取引
不動産取引価格情報,宅地(土地と建物),住宅地,26103,京都府,京都市左京区,松ケ崎久土町,170000000,,,440,,長方形,4.9,460,1984年,鉄骨造,共同住宅,その他,東,市道,6.4,第１種中高層住居専用地域,60,200,2021年第1四半期,,
不動産取引価格情報,宅地(土地),住宅地,26103,京都府,京都市左京区,松ケ崎三反長町,41000000,1200000,,110,380000,長方形,5.5,, ,,,住宅,北,市道,6,第１種低層住居専用地域,50,80,2021年第1四半期,,
不動産取引価格情報,宅地(土地),住宅地,26103,京都府,京都市左京区,松ケ崎六ノ坪町,56000000,1700000,,110,520000,ほぼ長方形,9.5,, ,,,住宅,南,府道,4.5,第１種低層住居専用地域,50,80,2021年第1四半期,,隣地の購入
不動産取引価格情報,中古マンション等,,26103,京都府,京都市左京区,八瀬野瀬町,8900000,,３ＬＤＫ,60,,,,,1988年,ＲＣ,住宅,住宅,,,,第２種中高層住居専用地域,60,200,2021年第1四半期,未改装,
不動産取引価格情報,宅地(土地と建物),住宅地,26103,京都府,京都市左京区,吉田神楽岡町,31000000,,,90,,ほぼ長方形,6,90,1980年,木造,住宅,住宅,南西,私道,3.8,第１種低層住居専用地域,60,100,2021年第1四半期,,
不動産取引価格情報,宅地(土地と建物),住宅地,26103,京都府,京都市左京区,岩倉三笠町,53000000,,,160,,長方形,10,95,2010年,木造,住宅,住宅,北東,私道,6,第１種低層住居専用地域,40,60,2021年第1四半期,,
成約価格情報,中古マンション等,,26103,京都府,京都市左京区,粟田口鳥居町,64000000,,３ＬＤＫ＋Ｓ,85,,,,,2002年,ＲＣ,,,,,,第２種住居地域,,,2021年第1四半期,,
成約価格情報,中古マンション等,,26103,京都府,京都市左京区,粟田口鳥居町,65000000,,３ＬＤＫ,90,,,,,2002年,ＲＣ,,,,,,第２種住居地域,,,2021年第1四半期,,
成約価格情報,宅地(土地と建物),,26103,京都府,京都市左京区,岩倉南大鷺町,90000000,,７ＬＤＫ,380,,,,230,1982年,木造,,,南,公道,5.9,第１種低層住居専用地域,40,60,2021年第1四半期,,
成約価格情報,宅地(土地と建物),,26103,京都府,京都市左京区,岡崎真如堂前町,30000000,,２ＬＤＫ,80,,,,85,1986年,木造,,,南東,公道,4,第１種低層住居専用地域,60,100,2021年第1四半期,,
成約価格情報,宅地(土地と建物),,26103,京都府,京都市左京区,北白川山田町,8500000,,３ＤＫ,40,,,,50,1984年,木造,,,北,私道,1.7,第１種低層住居専用地域,50,80,2021年第1四半期,,
成約価格情報,中古マンション等,,26103,京都府,京都市左京区,鹿ケ谷宮ノ前町,12000000,,２ＬＤＫ＋Ｓ,70,,,,,1973年,ＲＣ,,,,,,近隣商業地域,,,2021年第1四半期,,
成約価格情報,宅地(土地と建物),,26103,京都府,京都市左京区,下鴨北園町,98000000,,４ＬＤＫ＋Ｓ,210,,,,140,1996年,木造,,,北,公道,6.4,第１種低層住居専用地域,50,80,2021年第1四半期,,
成約価格情報,宅地(土地と建物),,26103,京都府,京都市左京区,下鴨中川原町,61000000,,４ＬＤＫ＋Ｓ,115,,,,100,2012年,木造,,,南東,公道,3.6,第１種低層住居専用地域,60,100,2021年第1四半期,,
成約価格情報,中古マンション等,,26103,京都府,京都市左京区,新丸太町,15000000,,１Ｋ,30,,,,,2004年,ＲＣ,,,,,,近隣商業地域,,,2021年第1四半期,,
成約価格情報,中古マンション等,,26103,京都府,京都市左京区,田中上大久保町,28000000,,３ＤＫ,70,,,,,1982年,ＳＲＣ,,,,,,第１種住居地域,,,2021年第1四半期,,
成約価格情報,宅地(土地と建物),,26103,京都府,京都市左京区,松ケ崎御所ノ内町,58000000,,３ＬＤＫ,135,,,,105,2019年,木造,,,,,,第１種低層住居専用地域,50,80,2021年第1四半期,,
成約価格情報,宅地(土地と建物),,26103,京都府,京都市左京区,八瀬近衛町,7000000,,４ＬＤＫ,75,,,,75,1984年,木造,,,南,私道,4,第２種中高層住居専用地域,40,200,2021年第1四半期,,
成約価格情報,中古マンション等,,26103,京都府,京都市左京区,八瀬野瀬町,8900000,,３ＬＤＫ,65,,,,,1988年,ＲＣ,,,,,,第１種低層住居専用地域,,,2021年第1四半期,,
成約価格情報,中古マンション等,,26103,京都府,京都市左京区,八瀬野瀬町,8000000,,３ＬＤＫ,65,,,,,1988年,ＲＣ,,,,,,第１種低層住居専用地域,,,2021年第1四半期,,
不動産取引価格情報,宅地(土地と建物),住宅地,26103,京都府,京都市左京区,岩倉中町,35000000,,,155,,ほぼ長方形,9.2,115,1999年,,住宅,住宅,南,市道,6,第２種中高層住居専用地域,60,200,2021年第1四半期,,
不動産取引価格情報,宅地(土地と建物),住宅地,26103,京都府,京都市左京区,岩倉南池田町,78000000,,,450,,ほぼ長方形,14,220,1992年,木造,共同住宅,住宅,南,市道,8,第１種低層住居専用地域,40,60,2021年第1四半期,,
不動産取引価格情報,中古マンション等,,26103,京都府,京都市左京区,岩倉南池田町,31000000,,４ＬＤＫ,85,,,,,2002年,ＲＣ,住宅,,,,,第２種中高層住居専用地域,60,200,2021年第1四半期,,
不動産取引価格情報,宅地(土地と建物),住宅地,26103,京都府,京都市左京区,岡崎西福ノ川町,7300000,,,60,,ほぼ長方形,3.7,60,1980年,木造,住宅,住宅,南,私道,3.5,第１種中高層住居専用地域,60,200,2021年第1四半期,,私道を含む取引
不動産取引価格情報,宅地(土地と建物),住宅地,26103,京都府,京都市左京区,上高野池ノ内町,50000000,,,210,,ほぼ正方形,13.5,125,1994年,軽量鉄骨造,住宅,住宅,南,市道,6,第１種低層住居専用地域,40,60,2021年第1四半期,,
不動産取引価格情報,宅地(土地),住宅地,26103,京都府,京都市左京区,上高野掃部林町,29000000,300000,,320,89000,ほぼ台形,12,, ,,,住宅,南東,市道,6,第１種低層住居専用地域,30,50,2021年第1四半期,,
不動産取引価格情報,宅地(土地),住宅地,26103,京都府,京都市左京区,上高野鷺町,53000000,800000,,220,240000,不整形,4,, ,,,住宅,北,市道,6,第１種低層住居専用地域,40,60,2021年第1四半期,,
不動産取引価格情報,宅地(土地と建物),住宅地,26103,京都府,京都市左京区,上高野東田町,30000000,,,250,,不整形,21,130,1983年,木造,住宅,住宅,北東,市道,6,第１種低層住居専用地域,30,50,2021年第1四半期,,
不動産取引価格情報,宅地(土地と建物),住宅地,26103,京都府,京都市左京区,下鴨東本町,87000000,,,195,,長方形,7.5,600,1973年,鉄骨造,共同住宅,その他,西,市道,6,近隣商業地域,80,300,2021年第1四半期,,
不動産取引価格情報,宅地(土地と建物),住宅地,26103,京都府,京都市左京区,修学院狭間町,8800000,,,60,,ほぼ長方形,3.7,80,1961年,木造,住宅,住宅,南,道路,5,第１種低層住居専用地域,50,80,2021年第1四半期,,
不動産取引価格情報,宅地(土地と建物),住宅地,26103,京都府,京都市左京区,修学院狭間町,17000000,,,130,,ほぼ長方形,7.4,145, ,木造,住宅,住宅,南,私道,5,第１種低層住居専用地域,50,80,2021年第1四半期,,私道を含む取引
不動産取引価格情報,宅地(土地と建物),住宅地,26103,京都府,京都市左京区,修学院馬場脇町,37000000,,,110,,ほぼ長方形,7.5,90,2021年,木造,住宅,住宅,北西,市道,2,第１種低層住居専用地域,50,80,2021年第1四半期,,
不動産取引価格情報,宅地(土地と建物),住宅地,26103,京都府,京都市左京区,修学院水川原町,8200000,,,65,,長方形,6,70,1974年,木造,住宅,住宅,西,私道,3,第１種低層住居専用地域,50,80,2021年第1四半期,,
不動産取引価格情報,宅地(土地),住宅地,26103,京都府,京都市左京区,田中高原町,160000000,860000,,630,260000,不整形,,, ,,,住宅,南,市道,6,第１種低層住居専用地域,50,80,2021年第1四半期,,
不動産取引価格情報,中古マンション等,,26103,京都府,京都市左京区,松ケ崎壱町田町,52000000,,３ＬＤＫ,95,,,,,1999年,ＲＣ,住宅,住宅,,,,第１種低層住居専用地域,50,80,2021年第1四半期,未改装,
不動産取引価格情報,中古マンション等,,26103,京都府,京都市左京区,松ケ崎小竹藪町,51000000,,３ＬＤＫ,65,,,,,2014年,ＲＣ,住宅,住宅,,,,第２種中高層住居専用地域,60,300,2021年第1四半期,未改装,
不動産取引価格情報,宅地(土地),住宅地,26103,京都府,京都市左京区,山端大塚町,16000000,1300000,,40,380000,長方形,6.5,, ,,,住宅,西,国道,11,第２種中高層住居専用地域,60,200,2021年第1四半期,,
不動産取引価格情報,宅地(土地と建物),住宅地,26103,京都府,京都市左京区,吉田本町,45000000,,,145,,ほぼ長方形,7.5,175, ,木造,住宅,住宅,北東,私道,4.2,第１種低層住居専用地域,60,100,2021年第1四半期,,私道を含む取引
不動産取引価格情報,宅地(土地),住宅地,26103,京都府,京都市左京区,岩倉南河原町,32000000,520000,,210,160000,不整形,2.8,, ,,,住宅,北,市道,16,第２種中高層住居専用地域,60,200,2021年第1四半期,,
成約価格情報,宅地(土地と建物),,26103,京都府,京都市左京区,一乗寺河原田町,46000000,,２ＬＤＫ＋Ｓ,65,,,,105,2020年,木造,,,南,公道,6,第１種住居地域,60,200,2021年第1四半期,,
成約価格情報,中古マンション等,,26103,京都府,京都市左京区,一乗寺河原田町,18000000,,３ＤＫ,50,,,,,1980年,ＲＣ,,,,,,第１種住居地域,,,2021年第1四半期,,
成約価格情報,中古マンション等,,26103,京都府,京都市左京区,一乗寺地蔵本町,42000000,,３ＬＤＫ,75,,,,,2014年,ＲＣ,,,,,,準住居地域,,,2021年第1四半期,,
成約価格情報,宅地(土地と建物),,26103,京都府,京都市左京区,岡崎円勝寺町,30000000,,３ＬＤＫ,75,,,,60, ,木造,,,東,公道,4.3,第２種住居地域,60,200,2021年第1四半期,,
成約価格情報,宅地(土地と建物),,26103,京都府,京都市左京区,鹿ケ谷桜谷町,26000000,,４Ｋ,70,,,,60,戦前,木造,,,北,公道,4.8,第１種低層住居専用地域,50,80,2021年第1四半期,,
成約価格情報,中古マンション等,,26103,京都府,京都市左京区,正往寺町,19000000,,１ＬＤＫ,45,,,,,1976年,ＲＣ,,,,,,,,,2021年第1四半期,,
不動産取引価格情報,宅地(土地と建物),住宅地,26103,京都府,京都市左京区,岩倉幡枝町,38000000,,,160,,ほぼ長方形,,90,2011年,木造,住宅,住宅,西,市道,6,第１種低層住居専用地域,40,60,2021年第1四半期,,
不動産取引価格情報,宅地(土地と建物),住宅地,26103,京都府,京都市左京区,岩倉幡枝町,35000000,,,70,,不整形,4.5,60,2016年,木造,住宅,その他,北,市道,16,第１種低層住居専用地域,40,60,2021年第1四半期,,
不動産取引価格情報,宅地(土地と建物),住宅地,26103,京都府,京都市左京区,岩倉花園町,34000000,,,155,,ほぼ長方形,11,105,1986年,木造,住宅,住宅,東,私道,3.5,第２種中高層住居専用地域,60,200,2021年第1四半期,,
不動産取引価格情報,宅地(土地と建物),住宅地,26103,京都府,京都市左京区,岩倉花園町,49000000,,,210,,袋地等,3.5,100,2021年,木造,住宅,住宅,西,私道,6,第１種低層住居専用地域,40,60,2021年第1四半期,,
不動産取引価格情報,宅地(土地),住宅地,26103,京都府,京都市左京区,岩倉村松町,17000000,350000,,165,110000,ほぼ長方形,7.4,, ,,,住宅,北東,市道,4,第１種低層住居専用地域,40,60,2021年第1四半期,,
不動産取引価格情報,宅地(土地と建物),住宅地,26103,京都府,京都市左京区,岩倉村松町,29000000,,,150,,不整形,3,85,2021年,木造,住宅,住宅,東,私道,3,第１種低層住居専用地域,50,80,2021年第1四半期,,
不動産取引価格情報,宅地(土地),商業地,26103,京都府,京都市左京区,大菊町,94000000,2500000,,125,740000,長方形,9.2,, ,,,その他,南,市道,6.9,近隣商業地域,80,300,2021年第1四半期,,
不動産取引価格情報,宅地(土地と建物),住宅地,26103,京都府,京都市左京区,大菊町,1200000,,,35,,ほぼ整形,7.3,65,1981年,木造,住宅,住宅,西,私道,1.1,近隣商業地域,80,300,2021年第1四半期,,
不動産取引価格情報,宅地(土地と建物),住宅地,26103,京都府,京都市左京区,大原来迎院町,20000000,,,410,,ほぼ整形,12.2,160,1971年,木造,住宅,住宅,北西,市道,8,市街化調整区域,60,100,2021年第1四半期,,
不動産取引価格情報,宅地(土地と建物),住宅地,26103,京都府,京都市左京区,上高野前田町,35000000,,,300,,不整形,19.4,135,1985年,木造,住宅,住宅,北西,私道,6,第１種低層住居専用地域,40,60,2021年第1四半期,,
不動産取引価格情報,宅地(土地と建物),住宅地,26103,京都府,京都市左京区,下鴨宮崎町,28000000,,,85,,ほぼ長方形,5,85,2005年,木造,住宅,住宅,東,市道,6.7,第１種低層住居専用地域,60,100,2021年第1四半期,,
不動産取引価格情報,宅地(土地と建物),住宅地,26103,京都府,京都市左京区,修学院水上田町,43000000,,,135,,ほぼ長方形,7.5,95,2020年,木造,住宅,住宅,東,私道,4,第１種低層住居専用地域,50,80,2021年第1四半期,,私道を含む取引
不動産取引価格情報,宅地(土地と建物),住宅地,26103,京都府,京都市左京区,修学院坪江町,45000000,,,125,,ほぼ台形,11,95,2021年,木造,住宅,住宅,東,私道,6,第１種低層住居専用地域,50,80,2021年第1四半期,,
不動産取引価格情報,中古マンション等,,26103,京都府,京都市左京区,聖護院西町,56000000,,２ＬＤＫ,65,,,,,2013年,ＲＣ,住宅,住宅,,,,近隣商業地域,80,300,2021年第1四半期,,
不動産取引価格情報,宅地(土地と建物),住宅地,26103,京都府,京都市左京区,聖護院西町,86000000,,,320,,ほぼ整形,19,230,1992年,軽量鉄骨造,共同住宅,その他,北,私道,2.5,第１種中高層住居専用地域,60,200,2021年第1四半期,,
不動産取引価格情報,宅地(土地と建物),住宅地,26103,京都府,京都市左京区,浄土寺真如町,40000000,,,115,,ほぼ台形,7.2,100,2010年,木造,住宅,住宅,東,市道,6,第１種低層住居専用地域,60,100,2021年第1四半期,,
不動産取引価格情報,宅地(土地と建物),住宅地,26103,京都府,京都市左京区,田中南西浦町,4000000,,,50,,ほぼ長方形,4.3,, ,木造,,住宅,東,私道,3,準工業地域,60,200,2021年第1四半期,,私道を含む取引
不動産取引価格情報,宅地(土地),住宅地,26103,京都府,京都市左京区,松ケ崎東桜木町,36000000,1400000,,85,420000,ほぼ長方形,8,, ,,,住宅,北東,市道,6,第１種中高層住居専用地域,60,200,2021年第1四半期,,
不動産取引価格情報,宅地(土地と建物),住宅地,26103,京都府,京都市左京区,松ケ崎東町,14000000,,,75,,台形,9,90, ,木造,住宅,住宅,南,市道,3,第１種低層住居専用地域,50,80,2021年第1四半期,,
不動産取引価格情報,宅地(土地と建物),住宅地,26103,京都府,京都市左京区,山端川端町,90000000,,,420,,ほぼ台形,15,530,1979年,ＲＣ,住宅、共同住宅,住宅,北西,私道,5,第２種中高層住居専用地域,60,200,2021年第1四半期,,
不動産取引価格情報,中古マンション等,,26103,京都府,京都市左京区,山端橋ノ本町,13000000,,１Ｋ,20,,,,,2011年,ＲＣ,住宅,住宅,,,,第２種中高層住居専用地域,60,200,2021年第1四半期,未改装,
不動産取引価格情報,中古マンション等,,26103,京都府,京都市左京区,山端橋ノ本町,12000000,,１Ｋ,20,,,,,2011年,ＲＣ,住宅,その他,,,,第２種中高層住居専用地域,60,200,2021年第1四半期,未改装,
成約価格情報,宅地(土地と建物),,26103,京都府,京都市左京区,一乗寺里ノ前町,13000000,,３ＬＤＫ,80,,,,75, ,木造,,,北,私道,2,第１種低層住居専用地域,50,80,2021年第1四半期,,
成約価格情報,宅地(土地と建物),,26103,京都府,京都市左京区,一乗寺谷田町,13000000,,３ＤＫ,65,,,,65,1965年,木造,,,北,公道,4,第１種低層住居専用地域,50,80,2021年第1四半期,,
成約価格情報,宅地(土地と建物),,26103,京都府,京都市左京区,岩倉幡枝町,38000000,,４ＬＤＫ,160,,,,95,2011年,木造,,,西,公道,6,第１種低層住居専用地域,40,60,2021年第1四半期,,
成約価格情報,宅地(土地と建物),,26103,京都府,京都市左京区,岩倉村松町,11000000,,６ＬＤＫ,135,,,,95,1974年,ＲＣ,,,南,公道,6,第１種低層住居専用地域,40,80,2021年第1四半期,,
成約価格情報,宅地(土地と建物),,26103,京都府,京都市左京区,下鴨夜光町,72000000,,４ＬＤＫ,135,,,,110,2003年,軽量鉄骨造,,,西,公道,6,第１種低層住居専用地域,50,80,2021年第1四半期,,
成約価格情報,中古マンション等,,26103,京都府,京都市左京区,聖護院円頓美町,85000000,,３ＬＤＫ,85,,,,,2013年,ＲＣ,,,,,,近隣商業地域,,,2021年第1四半期,,
成約価格情報,中古マンション等,,26103,京都府,京都市左京区,聖護院山王町,9500000,,２Ｋ,35,,,,,1974年,ＳＲＣ,,,,,,近隣商業地域,,,2021年第1四半期,,
成約価格情報,中古マンション等,,26103,京都府,京都市左京区,聖護院西町,63000000,,３ＬＤＫ,75,,,,,2013年,ＲＣ,,,,,,近隣商業地域,,,2021年第1四半期,,
成約価格情報,中古マンション等,,26103,京都府,京都市左京区,聖護院西町,60000000,,２ＬＤＫ,70,,,,,2013年,ＲＣ,,,,,,近隣商業地域,,,2021年第1四半期,,
成約価格情報,中古マンション等,,26103,京都府,京都市左京区,聖護院蓮華蔵町,34000000,,３ＬＤＫ,95,,,,,1970年,ＲＣ,,,,,,第１種住居地域,,,2021年第1四半期,,
成約価格情報,宅地(土地と建物),,26103,京都府,京都市左京区,浄土寺下南田町,64000000,,４ＬＤＫ,165,,,,110,2020年,木造,,,東,私道,3,第１種低層住居専用地域,50,80,2021年第1四半期,,
成約価格情報,宅地(土地と建物),,26103,京都府,京都市左京区,浄土寺下南田町,60000000,,４ＬＤＫ,155,,,,110,2020年,木造,,,東,私道,3,第１種低層住居専用地域,50,80,2021年第1四半期,,
成約価格情報,宅地(土地と建物),,26103,京都府,京都市左京区,田中玄京町,29000000,,３ＬＤＫ,50,,,,85,2014年,木造,,,西,公道,10.7,第１種住居地域,60,200,2021年第1四半期,,
成約価格情報,宅地(土地と建物),,26103,京都府,京都市左京区,田中南西浦町,41000000,,３ＬＤＫ,90,,,,85, ,木造,,,南東,私道,3.4,準工業地域,60,200,2021年第1四半期,,
成約価格情報,中古マンション等,,26103,京都府,京都市左京区,山端川端町,70000000,,４ＬＤＫ,105,,,,,2011年,ＲＣ,,,,,,第１種住居地域,,,2021年第1四半期,,
不動産取引価格情報,宅地(土地と建物),住宅地,26103,京都府,京都市左京区,一乗寺払殿町,18000000,,,45,,長方形,3.8,85,1985年,木造,住宅,住宅,北,私道,4,第１種住居地域,60,200,2021年第2四半期,,
不動産取引価格情報,宅地(土地と建物),住宅地,26103,京都府,京都市左京区,一乗寺樋ノ口町,38000000,,,155,,ほぼ台形,14,80,1999年,木造,住宅,住宅,南東,市道,6,第１種低層住居専用地域,50,80,2021年第2四半期,,
不動産取引価格情報,宅地(土地と建物),住宅地,26103,京都府,京都市左京区,一乗寺松原町,5000000,,,70,,ほぼ長方形,8,85,1962年,木造,住宅,住宅,北,市道,2,第１種低層住居専用地域,50,80,2021年第2四半期,,
不動産取引価格情報,宅地(土地と建物),住宅地,26103,京都府,京都市左京区,岩倉上蔵町,5100000,,,90,,ほぼ長方形,10.8,50,1966年,木造,住宅,住宅,南,私道,4,第１種低層住居専用地域,50,80,2021年第2四半期,,
不動産取引価格情報,宅地(土地と建物),住宅地,26103,京都府,京都市左京区,岩倉長谷町,21000000,,,135,,ほぼ長方形,8.3,105,1978年,木造,住宅,その他,西,市道,6,第１種低層住居専用地域,40,60,2021年第2四半期,,
不動産取引価格情報,宅地(土地と建物),住宅地,26103,京都府,京都市左京区,岩倉長谷町,21000000,,,185,,ほぼ正方形,13.2,80,1968年,木造,住宅,住宅,南西,市道,6,第１種低層住居専用地域,50,80,2021年第2四半期,,
不動産取引価格情報,宅地(土地),住宅地,26103,京都府,京都市左京区,岩倉三宅町,35000000,500000,,230,150000,不整形,34.3,, ,,,,西,私道,5.2,第１種低層住居専用地域,40,60,2021年第2四半期,,
不動産取引価格情報,宅地(土地),住宅地,26103,京都府,京都市左京区,岡崎徳成町,42000000,1500000,,95,440000,不整形,5.7,, ,,,住宅,東,市道,5,第２種中高層住居専用地域,60,200,2021年第2四半期,,
不動産取引価格情報,宅地(土地と建物),住宅地,26103,京都府,京都市左京区,岡崎西天王町,21000000,,,40,,ほぼ長方形,3.7,45,1979年,木造,住宅,住宅,南,私道,4,第２種中高層住居専用地域,60,200,2021年第2四半期,,
不動産取引価格情報,宅地(土地と建物),商業地,26103,京都府,京都市左京区,上高野諸木町,270000000,,,700,,長方形,20,1100,1994年,ＲＣ,共同住宅,住宅,南,市道,26,第２種中高層住居専用地域,60,200,2021年第2四半期,,
不動産取引価格情報,中古マンション等,,26103,京都府,京都市左京区,北白川追分町,35000000,,,65,,,,,1993年,ＲＣ,住宅,住宅,,,,近隣商業地域,80,300,2021年第2四半期,改装済み,
不動産取引価格情報,宅地(土地),住宅地,26103,京都府,京都市左京区,北白川仕伏町,19000000,340000,,185,100000,ほぼ長方形,10,, ,,,その他,南,私道,4,第１種低層住居専用地域,50,80,2021年第2四半期,,私道を含む取引
不動産取引価格情報,宅地(土地),住宅地,26103,京都府,京都市左京区,北白川東伊織町,45000000,1000000,,150,300000,ほぼ長方形,8,, ,,,住宅,北,市道,6.6,第１種低層住居専用地域,50,80,2021年第2四半期,,
不動産取引価格情報,宅地(土地と建物),住宅地,26103,京都府,京都市左京区,北白川山ノ元町,59000000,,,165,,ほぼ整形,13.5,135,2021年,木造,住宅,住宅,西,市道,6,第１種低層住居専用地域,50,80,2021年第2四半期,,
不動産取引価格情報,宅地(土地と建物),商業地,26103,京都府,京都市左京区,鹿ケ谷法然院西町,36000000,,,55,,長方形,6.3,85,2021年,木造,住宅,住宅,東,市道,10.5,第１種中高層住居専用地域,60,200,2021年第2四半期,,
不動産取引価格情報,宅地(土地と建物),住宅地,26103,京都府,京都市左京区,鹿ケ谷法然院西町,11000000,,,90,,不整形,4.3,80, ,木造,住宅,住宅,西,私道,2.5,第１種低層住居専用地域,50,80,2021年第2四半期,,私道を含む取引
不動産取引価格情報,宅地(土地と建物),住宅地,26103,京都府,京都市左京区,下鴨下川原町,47000000,,,65,,長方形,5.7,100,2020年,木造,住宅,住宅,南,市道,5.8,近隣商業地域,80,200,2021年第2四半期,,
不動産取引価格情報,宅地(土地と建物),住宅地,26103,京都府,京都市左京区,下鴨蓼倉町,13000000,,,50,,ほぼ長方形,4.2,70,1989年,木造,住宅,住宅,東,市道,3.4,第１種低層住居専用地域,60,100,2021年第2四半期,,私道を含む取引
不動産取引価格情報,宅地(土地),住宅地,26103,京都府,京都市左京区,下鴨蓼倉町,34000000,960000,,115,290000,ほぼ長方形,6.6,, ,,,住宅,南,市道,3,第１種低層住居専用地域,60,100,2021年第2四半期,,
不動産取引価格情報,宅地(土地と建物),住宅地,26103,京都府,京都市左京区,下鴨蓼倉町,54000000,,,90,,台形,6.5,80,2021年,木造,住宅,住宅,北,市道,3.5,第１種低層住居専用地域,60,100,2021年第2四半期,,
不動産取引価格情報,宅地(土地),商業地,26103,京都府,京都市左京区,下鴨南芝町,300000000,3000000,,330,910000,ほぼ長方形,15.8,, ,,,住宅,南,市道,22,第１種住居地域,60,300,2021年第2四半期,,
不動産取引価格情報,中古マンション等,,26103,京都府,京都市左京区,聖護院川原町,56000000,,３ＬＤＫ,65,,,,,2003年,ＲＣ,住宅,住宅,,,,近隣商業地域,80,300,2021年第2四半期,改装済み,
不動産取引価格情報,中古マンション等,,26103,京都府,京都市左京区,浄土寺西田町,14000000,,１Ｋ,20,,,,,2003年,ＲＣ,住宅,住宅,,,,近隣商業地域,80,300,2021年第2四半期,未改装,
不動産取引価格情報,宅地(土地と建物),商業地,26103,京都府,京都市左京区,浄土寺西田町,39000000,,,45,,長方形,4,50, ,木造,住宅、店舗,住宅,北,府道,22,近隣商業地域,80,300,2021年第2四半期,,
不動産取引価格情報,中古マンション等,,26103,京都府,京都市左京区,浄土寺西田町,14000000,,１Ｋ,25,,,,,2003年,ＲＣ,住宅,その他,,,,近隣商業地域,80,300,2021年第2四半期,未改装,
不動産取引価格情報,中古マンション等,,26103,京都府,京都市左京区,高野東開町,23000000,,３ＬＤＫ,70,,,,,1981年,ＲＣ,住宅,住宅,,,,第１種住居地域,60,200,2021年第2四半期,改装済み,
不動産取引価格情報,中古マンション等,,26103,京都府,京都市左京区,高野東開町,24000000,,３ＬＤＫ,70,,,,,1981年,ＲＣ,住宅,住宅,,,,第１種住居地域,60,200,2021年第2四半期,改装済み,
不動産取引価格情報,中古マンション等,,26103,京都府,京都市左京区,田中関田町,29000000,,２ＬＤＫ,65,,,,,1975年,ＳＲＣ,住宅,住宅,,,,近隣商業地域,80,300,2021年第2四半期,改装済み,
不動産取引価格情報,中古マンション等,,26103,京都府,京都市左京区,田中関田町,38000000,,３ＬＤＫ,95,,,,,1975年,ＳＲＣ,住宅,住宅,,,,近隣商業地域,80,300,2021年第2四半期,改装済み,
不動産取引価格情報,中古マンション等,,26103,京都府,京都市左京区,田中関田町,32000000,,２ＬＤＫ,55,,,,,1984年,ＲＣ,住宅,住宅,,,,第１種住居地域,60,200,2021年第2四半期,改装済み,
不動産取引価格情報,宅地(土地と建物),住宅地,26103,京都府,京都市左京区,田中関田町,35000000,,,80,,長方形,5,100,2002年,木造,住宅,住宅,西,市道,4,第１種住居地域,60,200,2021年第2四半期,,私道を含む取引
不動産取引価格情報,中古マンション等,,26103,京都府,京都市左京区,山端川原町,43000000,,３ＬＤＫ,65,,,,,2007年,ＲＣ,住宅,住宅,,,,近隣商業地域,80,200,2021年第2四半期,未改装,
不動産取引価格情報,宅地(土地と建物),住宅地,26103,京都府,京都市左京区,山端柳ケ坪町,67000000,,,200,,正方形,14,140,2010年,木造,住宅,住宅,西,市道,8,第１種低層住居専用地域,50,80,2021年第2四半期,,
不動産取引価格情報,宅地(土地と建物),住宅地,26103,京都府,京都市左京区,吉田上阿達町,32000000,,,55,,ほぼ長方形,4.1,85,1995年,木造,住宅,住宅,東,私道,2,第１種住居地域,60,200,2021年第2四半期,,
成約価格情報,宅地(土地と建物),,26103,京都府,京都市左京区,岩倉木野町,42000000,,４ＬＤＫ,155,,,,90,2020年,木造,,,南,私道,6,第１種低層住居専用地域,40,60,2021年第2四半期,,
成約価格情報,宅地(土地と建物),,26103,京都府,京都市左京区,岩倉長谷町,25000000,,４ＬＤＫ,105,,,,90,1994年,木造,,,東,公道,6,第１種低層住居専用地域,50,80,2021年第2四半期,,
成約価格情報,宅地(土地と建物),,26103,京都府,京都市左京区,岩倉長谷町,48000000,,３ＬＤＫ＋Ｓ,275,,,,95,1974年,木造,,,南東,私道,5,第１種低層住居専用地域,40,60,2021年第2四半期,,
成約価格情報,宅地(土地と建物),,26103,京都府,京都市左京区,岩倉長谷町,41000000,,３ＬＤＫ,160,,,,95,2021年,木造,,,北,公道,6,第１種低層住居専用地域,40,60,2021年第2四半期,,
成約価格情報,宅地(土地と建物),,26103,京都府,京都市左京区,岩倉長谷町,21000000,,５ＤＫ,135,,,,105,1978年,木造,,,西,公道,6,第１種低層住居専用地域,40,60,2021年第2四半期,,
成約価格情報,宅地(土地と建物),,26103,京都府,京都市左京区,上高野大橋町,14000000,,４ＬＤＫ,80,,,,70,1978年,木造,,,北,公道,3.7,第２種中高層住居専用地域,40,160,2021年第2四半期,,
成約価格情報,中古マンション等,,26103,京都府,京都市左京区,北白川追分町,35000000,,３ＬＤＫ,75,,,,,1993年,ＲＣ,,,,,,近隣商業地域,,,2021年第2四半期,,
成約価格情報,中古マンション等,,26103,京都府,京都市左京区,北白川追分町,35000000,,３ＬＤＫ,70,,,,,1993年,ＲＣ,,,,,,近隣商業地域,,,2021年第2四半期,,
成約価格情報,宅地(土地と建物),,26103,京都府,京都市左京区,下鴨蓼倉町,42000000,,４ＤＫ,110,,,,95, ,木造,,,東,公道,3.4,第２種中高層住居専用地域,60,100,2021年第2四半期,,
成約価格情報,宅地(土地と建物),,26103,京都府,京都市左京区,下鴨蓼倉町,52000000,,３ＬＤＫ,100,,,,95,2020年,木造,,,東,公道,3.6,第１種低層住居専用地域,60,100,2021年第2四半期,,
成約価格情報,宅地(土地と建物),,26103,京都府,京都市左京区,下鴨蓼倉町,23000000,,５ＤＫ,60,,,,70,1977年,木造,,,南,公道,2.7,第１種低層住居専用地域,60,100,2021年第2四半期,,
成約価格情報,宅地(土地と建物),,26103,京都府,京都市左京区,下鴨蓼倉町,42000000,,４ＤＫ,110,,,,95, ,木造,,,東,公道,3.4,第２種中高層住居専用地域,60,100,2021年第2四半期,,
成約価格情報,宅地(土地と建物),,26103,京都府,京都市左京区,下鴨蓼倉町,13000000,,３ＤＫ,45,,,,70,1989年,木造,,,東,私道,,第１種低層住居専用地域,60,100,2021年第2四半期,,
成約価格情報,中古マンション等,,26103,京都府,京都市左京区,聖護院川原町,56000000,,２ＬＤＫ＋Ｓ,70,,,,,2003年,ＲＣ,,,,,,近隣商業地域,,,2021年第2四半期,,
成約価格情報,中古マンション等,,26103,京都府,京都市左京区,高野東開町,24000000,,３ＬＤＫ,75,,,,,1981年,ＲＣ,,,,,,近隣商業地域,,,2021年第2四半期,,
成約価格情報,中古マンション等,,26103,京都府,京都市左京区,田中関田町,32000000,,２ＬＤＫ,55,,,,,1984年,ＲＣ,,,,,,第１種住居地域,,,2021年第2四半期,,
成約価格情報,宅地(土地と建物),,26103,京都府,京都市左京区,田中南大久保町,30000000,,３ＬＤＫ,45,,,,80, ,木造,,,北,公道,6,第１種住居地域,60,200,2021年第2四半期,,
不動産取引価格情報,宅地(土地と建物),住宅地,26103,京都府,京都市左京区,一乗寺青城町,61000000,,,120,,ほぼ長方形,7,95,2021年,木造,住宅,住宅,南,市道,4,第１種低層住居専用地域,50,80,2021年第2四半期,,
不動産取引価格情報,宅地(土地と建物),住宅地,26103,京都府,京都市左京区,岩倉中在地町,36000000,,,160,,不整形,3,90,2021年,木造,住宅,住宅,東,府道,6.4,第１種低層住居専用地域,40,60,2021年第2四半期,,
不動産取引価格情報,宅地(土地と建物),住宅地,26103,京都府,京都市左京区,岩倉西宮田町,85000000,,,240,,長方形,19.9,130,2005年,木造,住宅,住宅,東,市道,8,第１種低層住居専用地域,40,60,2021年第2四半期,,
不動産取引価格情報,宅地(土地と建物),住宅地,26103,京都府,京都市左京区,北白川蔦町,38000000,,,170,,ほぼ長方形,10,135,1988年,木造,共同住宅,その他,西,市道,6,第１種低層住居専用地域,50,80,2021年第2四半期,,
不動産取引価格情報,宅地(土地と建物),住宅地,26103,京都府,京都市左京区,北白川西町,37000000,,,115,,ほぼ正方形,11,90,1950年,木造,住宅,住宅,西,市道,3.2,第１種中高層住居専用地域,60,200,2021年第2四半期,,
不動産取引価格情報,宅地(土地と建物),住宅地,26103,京都府,京都市左京区,北白川山田町,36000000,,,340,,ほぼ長方形,15,115,1977年,木造,住宅,住宅,西,私道,5,第１種低層住居専用地域,50,80,2021年第2四半期,,
不動産取引価格情報,林地,,26103,京都府,京都市左京区,鞍馬二ノ瀬町,17000,,,1400,,,,, ,,,,,,,,,,2021年第2四半期,,
不動産取引価格情報,中古マンション等,,26103,京都府,京都市左京区,静市市原町,18000000,,３ＬＤＫ,70,,,,,2000年,ＲＣ,住宅,住宅,,,,第１種住居地域,60,200,2021年第2四半期,改装済み,
不動産取引価格情報,宅地(土地と建物),住宅地,26103,京都府,京都市左京区,静市市原町,17000000,,,165,,ほぼ長方形,13,240,1990年,木造,住宅、駐車場,住宅,南西,市道,6,第１種低層住居専用地域,40,60,2021年第2四半期,,
不動産取引価格情報,宅地(土地と建物),住宅地,26103,京都府,京都市左京区,下鴨宮河町,30000000,,,125,,不整形,2.1,, ,,,,東,市道,5.5,第１種低層住居専用地域,60,100,2021年第2四半期,,
不動産取引価格情報,宅地(土地と建物),住宅地,26103,京都府,京都市左京区,修学院犬塚町,26000000,,,90,,長方形,6.6,60,1972年,木造,住宅,住宅,南,市道,5,第１種低層住居専用地域,50,80,2021年第2四半期,,
不動産取引価格情報,中古マンション等,,26103,京都府,京都市左京区,田中上大久保町,28000000,,３ＤＫ,65,,,,,1982年,ＳＲＣ,住宅,住宅,,,,第１種住居地域,60,200,2021年第2四半期,改装済み,
不動産取引価格情報,宅地(土地と建物),住宅地,26103,京都府,京都市左京区,田中里ノ内町,7800000,,,35,,不整形,4.6,30, ,木造,住宅,住宅,北,市道,3,第１種低層住居専用地域,50,80,2021年第2四半期,,
不動産取引価格情報,宅地(土地と建物),住宅地,26103,京都府,京都市左京区,田中樋ノ口町,300000000,,,640,,ほぼ長方形,29,790,1996年,ＲＣ,共同住宅,住宅,南,府道,11,第２種中高層住居専用地域,60,200,2021年第2四半期,,
不動産取引価格情報,宅地(土地),住宅地,26103,京都府,京都市左京区,田中古川町,2000000,170000,,40,52000,ほぼ長方形,2.9,, ,,,住宅,南,市道,5.9,第１種住居地域,60,200,2021年第2四半期,,
不動産取引価格情報,中古マンション等,,26103,京都府,京都市左京区,田中門前町,27000000,,１ＬＤＫ,45,,,,,2012年,ＲＣ,住宅,住宅,,,,第１種中高層住居専用地域,60,200,2021年第2四半期,未改装,
不動産取引価格情報,中古マンション等,,26103,京都府,京都市左京区,松ケ崎雲路町,68000000,,４ＬＤＫ,100,,,,,2008年,ＲＣ,住宅,住宅,,,,第２種中高層住居専用地域,60,300,2021年第2四半期,未改装,
不動産取引価格情報,宅地(土地と建物),住宅地,26103,京都府,京都市左京区,松ケ崎御所ノ内町,33000000,,,75,,ほぼ長方形,10.1,85,1996年,木造,住宅,住宅,東,私道,4,第１種低層住居専用地域,50,80,2021年第2四半期,,
不動産取引価格情報,宅地(土地と建物),住宅地,26103,京都府,京都市左京区,松ケ崎御所ノ内町,54000000,,,110,,ほぼ長方形,5.3,90,2021年,木造,住宅,住宅,南,市道,6,第１種低層住居専用地域,50,80,2021年第2四半期,,
不動産取引価格情報,宅地(土地と建物),住宅地,26103,京都府,京都市左京区,松ケ崎御所ノ内町,24000000,,,95,,長方形,6.2,70,1982年,木造,住宅,住宅,西,私道,5,第１種低層住居専用地域,50,80,2021年第2四半期,,私道を含む取引
不動産取引価格情報,宅地(土地と建物),住宅地,26103,京都府,京都市左京区,松ケ崎芝本町,35000000,,,85,,長方形,4,70,1978年,木造,住宅,住宅,北,市道,6,第１種低層住居専用地域,50,80,2021年第2四半期,,
不動産取引価格情報,中古マンション等,,26103,京都府,京都市左京区,八瀬野瀬町,8500000,,１ＬＤＫ,55,,,,,1988年,ＲＣ,住宅,住宅,,,,第２種中高層住居専用地域,60,200,2021年第2四半期,未改装,
不動産取引価格情報,宅地(土地と建物),住宅地,26103,京都府,京都市左京区,八瀬花尻町,55000000,,,1800,,不整形,9999.9,340,1988年,木造,店舗,,南東,国道,7.3,市街化調整区域,60,100,2021年第2四半期,,
不動産取引価格情報,宅地(土地と建物),住宅地,26103,京都府,京都市左京区,山端森本町,35000000,,,155,,ほぼ長方形,13.6,250,1979年,鉄骨造,住宅、共同住宅,住宅,西,市道,7,第２種中高層住居専用地域,60,200,2021年第2四半期,,
成約価格情報,宅地(土地と建物),,26103,京都府,京都市左京区,一乗寺庵野町,34000000,,３ＬＤＫ,125,,,,90,2004年,木造,,,西,私道,6,第１種低層住居専用地域,50,80,2021年第2四半期,,
成約価格情報,中古マンション等,,26103,京都府,京都市左京区,一乗寺野田町,25000000,,３ＬＤＫ,75,,,,,1976年,ＲＣ,,,,,,第１種低層住居専用地域,,,2021年第2四半期,,
成約価格情報,中古マンション等,,26103,京都府,京都市左京区,一乗寺東閉川原町,12000000,,２ＬＤＫ,55,,,,,1983年,ＲＣ,,,,,,第１種住居地域,,,2021年第2四半期,,
成約価格情報,中古マンション等,,26103,京都府,京都市左京区,一乗寺東閉川原町,24000000,,２ＬＤＫ,70,,,,,1983年,ＲＣ,,,,,,第１種住居地域,,,2021年第2四半期,,
成約価格情報,宅地(土地と建物),,26103,京都府,京都市左京区,北白川西町,6000000,,３Ｋ,30,,,,35,1975年,木造,,,北,公道,2.8,第１種中高層住居専用地域,60,200,2021年第2四半期,,
成約価格情報,宅地(土地と建物),,26103,京都府,京都市左京区,北白川山田町,36000000,,５ＬＤＫ＋Ｓ,340,,,,120,1977年,木造,,,西,私道,5,第１種低層住居専用地域,40,80,2021年第2四半期,,
成約価格情報,中古マンション等,,26103,京都府,京都市左京区,銀閣寺前町,55000000,,４ＬＤＫ,140,,,,,1970年,ＲＣ,,,,,,第１種低層住居専用地域,,,2021年第2四半期,,
成約価格情報,中古マンション等,,26103,京都府,京都市左京区,静市市原町,18000000,,３ＬＤＫ,75,,,,,2000年,ＲＣ,,,,,,第１種住居地域,,,2021年第2四半期,,
成約価格情報,中古マンション等,,26103,京都府,京都市左京区,静市市原町,18000000,,３ＬＤＫ,75,,,,, ,,,,,,,第１種住居地域,,,2021年第2四半期,,
成約価格情報,宅地(土地と建物),,26103,京都府,京都市左京区,静市市原町,9600000,,３ＬＤＫ,90,,,,75,1998年,木造,,,南西,公道,6,第１種住居地域,40,200,2021年第2四半期,,
成約価格情報,宅地(土地と建物),,26103,京都府,京都市左京区,下鴨塚本町,98000000,,８ＬＤＫ＋Ｓ,275,,,,200, ,木造,,,北,公道,5.9,第１種低層住居専用地域,50,80,2021年第2四半期,,
成約価格情報,宅地(土地と建物),,26103,京都府,京都市左京区,修学院犬塚町,39000000,,４ＬＤＫ＋Ｓ,100,,,,80,2002年,木造,,,東,私道,4.1,第１種低層住居専用地域,50,80,2021年第2四半期,,
成約価格情報,宅地(土地と建物),,26103,京都府,京都市左京区,修学院犬塚町,53000000,,４ＬＤＫ,180,,,,115, ,木造,,,北,私道,6,第１種低層住居専用地域,50,80,2021年第2四半期,,
成約価格情報,宅地(土地と建物),,26103,京都府,京都市左京区,田中西樋ノ口町,40000000,,３ＬＤＫ,75,,,,85,2021年,木造,,,南,公道,10.8,第２種中高層住居専用地域,60,200,2021年第2四半期,,
成約価格情報,中古マンション等,,26103,京都府,京都市左京区,松ケ崎雲路町,68000000,,４ＬＤＫ,105,,,,,2008年,ＲＣ,,,,,,第１種中高層住居専用地域,,,2021年第2四半期,,
成約価格情報,宅地(土地と建物),,26103,京都府,京都市左京区,松ケ崎御所ノ内町,54000000,,２ＬＤＫ＋Ｓ,115,,,,95,2021年,木造,,,,,,第１種低層住居専用地域,50,80,2021年第2四半期,,
成約価格情報,宅地(土地と建物),,26103,京都府,京都市左京区,松ケ崎芝本町,35000000,,４ＤＫ,85,,,,70,1978年,木造,,,北,公道,6,第１種低層住居専用地域,50,80,2021年第2四半期,,
成約価格情報,中古マンション等,,26103,京都府,京都市左京区,八瀬野瀬町,11000000,,２ＬＤＫ,55,,,,,1996年,ＲＣ,,,,,,,,,2021年第2四半期,,
成約価格情報,中古マンション等,,26103,京都府,京都市左京区,山端壱町田町,8900000,,３ＤＫ,55,,,,,1970年,ＲＣ,,,,,,,,,2021年第2四半期,,
成約価格情報,中古マンション等,,26103,京都府,京都市左京区,山端壱町田町,7800000,,３ＤＫ,55,,,,, ,,,,,,,,,,2021年第2四半期,,
不動産取引価格情報,中古マンション等,,26103,京都府,京都市左京区,一乗寺大原田町,36000000,,３ＬＤＫ,65,,,,,2009年,ＲＣ,住宅,住宅,,,,第１種住居地域,60,200,2021年第2四半期,未改装,
不動産取引価格情報,中古マンション等,,26103,京都府,京都市左京区,一乗寺地蔵本町,47000000,,３ＬＤＫ,70,,,,,2014年,ＲＣ,住宅,住宅,,,,第１種住居地域,60,200,2021年第2四半期,未改装,
不動産取引価格情報,宅地(土地と建物),住宅地,26103,京都府,京都市左京区,一乗寺出口町,46000000,,,105,,長方形,6.3,80,2021年,木造,住宅,住宅,東,市道,6,第１種低層住居専用地域,50,80,2021年第2四半期,,
不動産取引価格情報,宅地(土地),住宅地,26103,京都府,京都市左京区,岩倉中町,37000000,530000,,230,160000,不整形,15.4,, ,,,住宅,北西,私道,6,第１種低層住居専用地域,40,60,2021年第2四半期,,
不動産取引価格情報,宅地(土地),住宅地,26103,京都府,京都市左京区,岡崎西福ノ川町,23000000,890000,,85,270000,長方形,4.9,, ,,,住宅,北,私道,2.8,第１種中高層住居専用地域,60,200,2021年第2四半期,,私道を含む取引
不動産取引価格情報,宅地(土地),住宅地,26103,京都府,京都市左京区,上高野鷺町,54000000,1100000,,170,320000,長方形,8.9,, ,,,住宅,北,市道,6,第１種低層住居専用地域,40,60,2021年第2四半期,,
不動産取引価格情報,宅地(土地),住宅地,26103,京都府,京都市左京区,北白川東小倉町,46000000,1400000,,110,420000,長方形,6.9,, ,,,住宅,南,市道,5,第１種低層住居専用地域,50,80,2021年第2四半期,,
不動産取引価格情報,中古マンション等,,26103,京都府,京都市左京区,北白川東久保田町,30000000,,２ＬＤＫ,70,,,,,1992年,ＲＣ,住宅,住宅,,,,第１種中高層住居専用地域,60,200,2021年第2四半期,未改装,
不動産取引価格情報,宅地(土地と建物),住宅地,26103,京都府,京都市左京区,鹿ケ谷桜谷町,22000000,,,65,,ほぼ長方形,5.2,60, ,,住宅,住宅,北,市道,4.3,第１種低層住居専用地域,50,80,2021年第2四半期,,
不動産取引価格情報,宅地(土地と建物),住宅地,26103,京都府,京都市左京区,下鴨水口町,57000000,,,110,,長方形,6.3,100,2010年,木造,住宅,住宅,南,市道,11,第１種低層住居専用地域,50,80,2021年第2四半期,,
不動産取引価格情報,宅地(土地と建物),住宅地,26103,京都府,京都市左京区,高野泉町,15000000,,,60,,ほぼ長方形,4.3,55,1970年,木造,住宅,住宅,北東,私道,4,第２種中高層住居専用地域,60,200,2021年第2四半期,,
不動産取引価格情報,宅地(土地と建物),住宅地,26103,京都府,京都市左京区,高野泉町,36000000,,,110,,ほぼ長方形,,85,2021年,木造,住宅,住宅,北,私道,2.5,第２種中高層住居専用地域,60,200,2021年第2四半期,,
不動産取引価格情報,宅地(土地と建物),住宅地,26103,京都府,京都市左京区,高野清水町,55000000,,,165,,不整形,,105,2021年,木造,住宅,住宅,南西,市道,6.1,準工業地域,60,200,2021年第2四半期,,
不動産取引価格情報,宅地(土地と建物),住宅地,26103,京都府,京都市左京区,広河原,10000000,,,400,,不整形,26,165,2002年,木造,住宅,その他,東,市道,4,都市計画区域外,,,2021年第2四半期,,
成約価格情報,宅地(土地と建物),,26103,京都府,京都市左京区,一乗寺出口町,14000000,,３ＬＤＫ,70,,,,50,1975年,木造,,,,,,第１種低層住居専用地域,,,2021年第2四半期,,
成約価格情報,宅地(土地と建物),,26103,京都府,京都市左京区,一乗寺西閉川原町,40000000,,４ＬＤＫ,75,,,,90,2008年,木造,,,南,公道,3.7,第１種住居地域,60,160,2021年第2四半期,,
成約価格情報,宅地(土地と建物),,26103,京都府,京都市左京区,一乗寺南大丸町,40000000,,２ＬＤＫ＋Ｓ,75,,,,100,2021年,木造,,,東,公道,3.8,第１種住居地域,70,160,2021年第2四半期,,
成約価格情報,中古マンション等,,26103,京都府,京都市左京区,岡崎天王町,28000000,,２ＤＫ,50,,,,,1986年,ＲＣ,,,,,,第１種中高層住居専用地域,,,2021年第2四半期,,
成約価格情報,中古マンション等,,26103,京都府,京都市左京区,岡崎天王町,14000000,,２ＬＤＫ,55,,,,,1970年,ＲＣ,,,,,,第１種中高層住居専用地域,,,2021年第2四半期,,
成約価格情報,中古マンション等,,26103,京都府,京都市左京区,岡崎西福ノ川町,22000000,,１ＬＤＫ,50,,,,,1983年,ＳＲＣ,,,,,,第１種中高層住居専用地域,,,2021年第2四半期,,
成約価格情報,宅地(土地と建物),,26103,京都府,京都市左京区,岡崎東天王町,63000000,,４ＬＤＫ,145,,,,110,2003年,木造,,,西,公道,6,第１種低層住居専用地域,40,100,2021年第2四半期,,
成約価格情報,中古マンション等,,26103,京都府,京都市左京区,岡崎東天王町,18000000,,２ＤＫ,45,,,,,1977年,ＲＣ,,,,,,近隣商業地域,,,2021年第2四半期,,
成約価格情報,中古マンション等,,26103,京都府,京都市左京区,北白川東久保田町,35000000,,３ＬＤＫ,65,,,,,1994年,ＲＣ,,,,,,第１種中高層住居専用地域,,,2021年第2四半期,,
成約価格情報,宅地(土地と建物),,26103,京都府,京都市左京区,鹿ケ谷桜谷町,27000000,,６Ｋ,100,,,,55, ,木造,,,北,公道,3.1,第１種低層住居専用地域,50,80,2021年第2四半期,,
成約価格情報,宅地(土地と建物),,26103,京都府,京都市左京区,下鴨泉川町,77000000,,６ＤＫ,185,,,,125,1963年,木造,,,北,私道,4.1,第１種低層住居専用地域,60,100,2021年第2四半期,,
成約価格情報,宅地(土地と建物),,26103,京都府,京都市左京区,下鴨貴船町,45000000,,４ＬＤＫ,85,,,,100,2007年,木造,,,北,公道,5.9,近隣商業地域,80,200,2021年第2四半期,,
成約価格情報,宅地(土地と建物),,26103,京都府,京都市左京区,下鴨松ノ木町,55000000,,３ＬＤＫ,85,,,,90, ,木造,,,北,公道,5.9,第２種中高層住居専用地域,60,200,2021年第2四半期,,
成約価格情報,宅地(土地と建物),,26103,京都府,京都市左京区,高野泉町,36000000,,３ＬＤＫ,110,,,,90,2020年,木造,,,北,私道,4,第２種中高層住居専用地域,60,200,2021年第2四半期,,
成約価格情報,宅地(土地と建物),,26103,京都府,京都市左京区,高野清水町,55000000,,４ＬＤＫ,170,,,,105,2020年,木造,,,南西,公道,6.1,準工業地域,60,200,2021年第2四半期,,
成約価格情報,中古マンション等,,26103,京都府,京都市左京区,高野蓼原町,33000000,,２ＬＤＫ,70,,,,,1984年,ＳＲＣ,,,,,,準工業地域,,,2021年第2四半期,,
成約価格情報,中古マンション等,,26103,京都府,京都市左京区,高野西開町,19000000,,２ＬＤＫ,55,,,,,1988年,ＲＣ,,,,,,第２種住居地域,,,2021年第2四半期,,
成約価格情報,中古マンション等,,26103,京都府,京都市左京区,高野西開町,22000000,,３ＬＤＫ,65,,,,,1977年,ＲＣ,,,,,,近隣商業地域,,,2021年第2四半期,,
成約価格情報,宅地(土地と建物),,26103,京都府,京都市左京区,田中西春菜町,18000000,,３ＬＤＫ,55,,,,75,1990年,木造,,,南,公道,3.5,第１種低層住居専用地域,50,80,2021年第2四半期,,
成約価格情報,中古マンション等,,26103,京都府,京都市左京区,田中東高原町,20000000,,１ＬＤＫ,45,,,,,2005年,ＲＣ,,,,,,商業地域,,,2021年第2四半期,,
成約価格情報,宅地(土地と建物),,26103,京都府,京都市左京区,松ケ崎小竹藪町,36000000,,３ＬＤＫ,75,,,,75,2002年,木造,,,南西,私道,4,第１種中高層住居専用地域,60,200,2021年第2四半期,,
不動産取引価格情報,宅地(土地と建物),住宅地,26103,京都府,京都市左京区,一乗寺谷田町,13000000,,,60,,ほぼ長方形,4.4,65,1965年,木造,住宅,住宅,北,市道,6,第１種低層住居専用地域,50,80,2021年第2四半期,,
不動産取引価格情報,中古マンション等,,26103,京都府,京都市左京区,一乗寺谷田町,53000000,,３ＬＤＫ,75,,,,,2017年,ＲＣ,住宅,その他,,,,第２種住居地域,60,300,2021年第2四半期,未改装,
不動産取引価格情報,宅地(土地と建物),住宅地,26103,京都府,京都市左京区,一乗寺築田町,49000000,,,125,,ほぼ長方形,10.2,100,2021年,木造,住宅,住宅,東,市道,3.6,第１種低層住居専用地域,50,80,2021年第2四半期,,
不動産取引価格情報,宅地(土地と建物),住宅地,26103,京都府,京都市左京区,一乗寺築田町,52000000,,,155,,ほぼ長方形,6.6,105,2020年,木造,住宅,,西,市道,4,第１種低層住居専用地域,50,80,2021年第2四半期,,
不動産取引価格情報,宅地(土地と建物),住宅地,26103,京都府,京都市左京区,岩倉幡枝町,49000000,,,140,,長方形,7.7,85,2021年,木造,住宅,住宅,南西,市道,7.8,第１種低層住居専用地域,40,60,2021年第2四半期,,
不動産取引価格情報,宅地(土地と建物),住宅地,26103,京都府,京都市左京区,岩倉幡枝町,53000000,,,195,,袋地等,3.1,70,2021年,軽量鉄骨造,住宅,,西,市道,6,第１種低層住居専用地域,40,60,2021年第2四半期,,
不動産取引価格情報,宅地(土地と建物),住宅地,26103,京都府,京都市左京区,岩倉幡枝町,65000000,,,180,,ほぼ長方形,14,105,2021年,木造,住宅,住宅,北,私道,6,第１種低層住居専用地域,40,60,2021年第2四半期,,
不動産取引価格情報,宅地(土地と建物),住宅地,26103,京都府,京都市左京区,岩倉花園町,61000000,,,175,,ほぼ整形,13,105,2022年,木造,住宅,住宅,北,市道,6,第１種低層住居専用地域,40,60,2021年第2四半期,,
不動産取引価格情報,宅地(土地と建物),住宅地,26103,京都府,京都市左京区,岩倉花園町,49000000,,,240,,ほぼ長方形,10.6,105,2021年,木造,住宅,住宅,南東,市道,3.9,第１種低層住居専用地域,40,60,2021年第2四半期,,
不動産取引価格情報,宅地(土地と建物),住宅地,26103,京都府,京都市左京区,岩倉花園町,62000000,,,175,,不整形,12.2,100,2021年,木造,住宅,住宅,西,私道,6,第１種低層住居専用地域,40,60,2021年第2四半期,,
不動産取引価格情報,宅地(土地と建物),住宅地,26103,京都府,京都市左京区,岩倉村松町,33000000,,,175,,長方形,9.2,90,2021年,木造,住宅,住宅,南,私道,6,第１種低層住居専用地域,50,80,2021年第2四半期,,
不動産取引価格情報,宅地(土地と建物),住宅地,26103,京都府,京都市左京区,岩倉村松町,11000000,,,135,,ほぼ長方形,9,95,1975年,軽量鉄骨造,住宅,住宅,南,市道,6,第１種低層住居専用地域,50,80,2021年第2四半期,,
不動産取引価格情報,宅地(土地と建物),住宅地,26103,京都府,京都市左京区,岩倉村松町,33000000,,,175,,ほぼ長方形,10.6,95,2021年,木造,住宅,住宅,北東,市道,6,第１種低層住居専用地域,40,60,2021年第2四半期,,
不動産取引価格情報,宅地(土地と建物),住宅地,26103,京都府,京都市左京区,岩倉村松町,37000000,,,200,,ほぼ台形,14.3,95,2021年,木造,住宅,住宅,南,市道,6,第１種低層住居専用地域,40,60,2021年第2四半期,,
不動産取引価格情報,宅地(土地と建物),商業地,26103,京都府,京都市左京区,大菊町,110000000,,,75,,長方形,4.1,90, ,木造,住宅、事務所,その他,北,市道,5,近隣商業地域,80,300,2021年第2四半期,,
不動産取引価格情報,宅地(土地),住宅地,26103,京都府,京都市左京区,大原勝林院町,7000000,14000,,1700,4200,不整形,9999.9,, ,,,,北西,国道,8,市街化調整区域,60,100,2021年第2四半期,,
不動産取引価格情報,宅地(土地と建物),住宅地,26103,京都府,京都市左京区,上高野大塚町,13000000,,,75,,袋地等,2,65,1980年,木造,住宅,住宅,西,市道,3,第１種低層住居専用地域,50,80,2021年第2四半期,,
不動産取引価格情報,宅地(土地と建物),住宅地,26103,京都府,京都市左京区,上高野山ノ橋町,31000000,,,75,,長方形,7.9,80,2022年,木造,住宅,住宅,南,国道,13,第２種中高層住居専用地域,60,200,2021年第2四半期,,私道を含む取引
不動産取引価格情報,宅地(土地と建物),住宅地,26103,京都府,京都市左京区,北白川瓜生山町,57000000,,,230,,ほぼ長方形,9,140,2007年,木造,住宅,住宅,北,市道,4.3,第１種低層住居専用地域,50,80,2021年第2四半期,,
不動産取引価格情報,宅地(土地と建物),住宅地,26103,京都府,京都市左京区,北白川平井町,21000000,,,60,,ほぼ長方形,4.8,75,1987年,木造,住宅,住宅,南,市道,6,第１種低層住居専用地域,50,80,2021年第2四半期,,
不動産取引価格情報,宅地(土地と建物),住宅地,26103,京都府,京都市左京区,下鴨梅ノ木町,62000000,,,320,,袋地等,,150, ,木造,住宅,住宅,北,市道,6,第１種低層住居専用地域,50,80,2021年第2四半期,,
不動産取引価格情報,宅地(土地と建物),住宅地,26103,京都府,京都市左京区,下鴨膳部町,34000000,,,110,,ほぼ長方形,8.7,75, ,木造,住宅,住宅,北,私道,2.8,第１種低層住居専用地域,60,100,2021年第2四半期,,
不動産取引価格情報,宅地(土地と建物),商業地,26103,京都府,京都市左京区,下鴨西本町,330000000,,,450,,ほぼ長方形,14,980,1969年,鉄骨造,共同住宅、その他,その他,南,市道,30,近隣商業地域,80,300,2021年第2四半期,,
不動産取引価格情報,宅地(土地と建物),住宅地,26103,京都府,京都市左京区,下鴨萩ケ垣内町,34000000,,,70,,長方形,4.5,85,1981年,木造,住宅、駐車場,住宅,南,市道,6.5,第１種低層住居専用地域,50,80,2021年第2四半期,,
不動産取引価格情報,宅地(土地),住宅地,26103,京都府,京都市左京区,下鴨宮崎町,51000000,1300000,,135,380000,長方形,6.5,, ,,,住宅,南東,私道,5.4,第１種低層住居専用地域,60,100,2021年第2四半期,,
不動産取引価格情報,宅地(土地と建物),住宅地,26103,京都府,京都市左京区,修学院開根坊町,22000000,,,95,,ほぼ長方形,7,70,1994年,木造,住宅,住宅,西,私道,4.8,第１種低層住居専用地域,50,80,2021年第2四半期,,私道を含む取引
不動産取引価格情報,中古マンション等,,26103,京都府,京都市左京区,聖護院円頓美町,85000000,,３ＬＤＫ,80,,,,,2013年,ＲＣ,住宅,住宅,,,,第２種中高層住居専用地域,60,200,2021年第2四半期,未改装,
不動産取引価格情報,中古マンション等,,26103,京都府,京都市左京区,聖護院蓮華蔵町,14000000,,２ＤＫ,45,,,,,1970年,ＲＣ,住宅,住宅,,,,第１種住居地域,60,200,2021年第2四半期,改装済み,
不動産取引価格情報,中古マンション等,,26103,京都府,京都市左京区,高野竹屋町,25000000,,３ＬＤＫ,65,,,,,1978年,ＳＲＣ,住宅,住宅,,,,近隣商業地域,80,300,2021年第2四半期,改装済み,
不動産取引価格情報,宅地(土地と建物),住宅地,26103,京都府,京都市左京区,田中大堰町,17000000,,,55,,ほぼ台形,13,75,1955年,木造,住宅,住宅,北,市道,11,第１種住居地域,60,200,2021年第2四半期,,
不動産取引価格情報,宅地(土地と建物),住宅地,26103,京都府,京都市左京区,田中大堰町,110000000,,,460,,長方形,14,850,1984年,ＲＣ,共同住宅,店舗,南西,市道,6,第１種住居地域,60,200,2021年第2四半期,,
不動産取引価格情報,宅地(土地と建物),住宅地,26103,京都府,京都市左京区,田中玄京町,30000000,,,100,,不整形,18.5,120,1998年,木造,住宅,住宅,南東,市道,6,第１種住居地域,60,200,2021年第2四半期,,
不動産取引価格情報,宅地(土地と建物),商業地,26103,京都府,京都市左京区,田中玄京町,30000000,,,50,,ほぼ整形,5.3,85,2014年,木造,住宅、店舗,,西,市道,10.7,第１種住居地域,60,200,2021年第2四半期,,
不動産取引価格情報,宅地(土地と建物),住宅地,26103,京都府,京都市左京区,田中玄京町,79000000,,,130,,ほぼ長方形,9,210,1987年,鉄骨造,共同住宅,住宅,南東,市道,6,第１種住居地域,60,200,2021年第2四半期,,
不動産取引価格情報,宅地(土地と建物),住宅地,26103,京都府,京都市左京区,田中南西浦町,84000000,,,80,,ほぼ長方形,7.8,170,2021年,ＲＣ,共同住宅,住宅,北東,市道,6,準工業地域,60,200,2021年第2四半期,,
不動産取引価格情報,中古マンション等,,26103,京都府,京都市左京区,東丸太町,20000000,,,40,,,,,2002年,ＲＣ,,住宅,,,,近隣商業地域,80,300,2021年第2四半期,,
不動産取引価格情報,宅地(土地と建物),住宅地,26103,京都府,京都市左京区,松ケ崎東町,22000000,,,125,,不整形,,75,1962年,木造,住宅,住宅,西,市道,2.4,第１種低層住居専用地域,50,80,2021年第2四半期,,
不動産取引価格情報,中古マンション等,,26103,京都府,京都市左京区,山端川端町,9500000,,１Ｋ,25,,,,,2008年,ＲＣ,住宅,住宅,,,,近隣商業地域,80,300,2021年第2四半期,改装済み,
不動産取引価格情報,宅地(土地と建物),住宅地,26103,京都府,京都市左京区,吉永町,21000000,,,45,,ほぼ長方形,4,70,1964年,木造,住宅,住宅,西,市道,2,近隣商業地域,80,300,2021年第2四半期,,
不動産取引価格情報,宅地(土地),住宅地,26103,京都府,京都市左京区,岩倉中河原町,45000000,870000,,170,260000,ほぼ長方形,12.3,, ,,,住宅,西,市道,6,第１種低層住居専用地域,40,60,2021年第2四半期,,
成約価格情報,宅地(土地と建物),,26103,京都府,京都市左京区,一乗寺塚本町,39000000,,５ＬＤＫ,180,,,,155,1987年,木造,,,南,公道,5.9,第１種低層住居専用地域,50,80,2021年第2四半期,,
成約価格情報,宅地(土地と建物),,26103,京都府,京都市左京区,一乗寺築田町,53000000,,２ＬＤＫ＋Ｓ,155,,,,105,2020年,木造,,,西,私道,4,第１種低層住居専用地域,50,80,2021年第2四半期,,
成約価格情報,宅地(土地と建物),,26103,京都府,京都市左京区,岩倉幡枝町,21000000,,６ＬＤＫ,360,,,,140,1973年,木造,,,南東,私道,3.9,第１種低層住居専用地域,40,60,2021年第2四半期,,
成約価格情報,宅地(土地と建物),,26103,京都府,京都市左京区,岩倉花園町,43000000,,３ＬＤＫ,160,,,,95,2020年,木造,,,北,公道,6,第１種低層住居専用地域,40,60,2021年第2四半期,,
成約価格情報,宅地(土地と建物),,26103,京都府,京都市左京区,岩倉花園町,49000000,,４ＬＤＫ,245,,,,105,2021年,木造,,,南,公道,3.6,第１種低層住居専用地域,40,60,2021年第2四半期,,
成約価格情報,宅地(土地と建物),,26103,京都府,京都市左京区,岩倉花園町,50000000,,４ＬＤＫ,245,,,,105, ,木造,,,南,公道,3.6,第１種低層住居専用地域,40,60,2021年第2四半期,,
成約価格情報,宅地(土地と建物),,26103,京都府,京都市左京区,岩倉村松町,35000000,,４ＬＤＫ,200,,,,95,2021年,木造,,,北西,公道,6,第１種低層住居専用地域,30,60,2021年第2四半期,,
成約価格情報,宅地(土地と建物),,26103,京都府,京都市左京区,岩倉村松町,38000000,,４ＬＤＫ,225,,,,105,2020年,木造,,,南東,公道,6,第１種低層住居専用地域,30,60,2021年第2四半期,,
成約価格情報,宅地(土地と建物),,26103,京都府,京都市左京区,岩倉村松町,33000000,,３ＬＤＫ,175,,,,90, ,木造,,,北,私道,6,第１種低層住居専用地域,40,80,2021年第2四半期,,
成約価格情報,宅地(土地と建物),,26103,京都府,京都市左京区,岩倉村松町,33000000,,４ＬＤＫ,175,,,,95,2021年,木造,,,北東,公道,6,第１種低層住居専用地域,30,60,2021年第2四半期,,
成約価格情報,宅地(土地と建物),,26103,京都府,京都市左京区,岩倉村松町,33000000,,４ＬＤＫ,175,,,,95,2021年,木造,,,北東,公道,6,第１種低層住居専用地域,30,60,2021年第2四半期,,
成約価格情報,宅地(土地と建物),,26103,京都府,京都市左京区,岩倉村松町,37000000,,４ＬＤＫ,200,,,,95,2021年,木造,,,南西,公道,6,第１種低層住居専用地域,30,60,2021年第2四半期,,
成約価格情報,宅地(土地と建物),,26103,京都府,京都市左京区,岩倉村松町,38000000,,４ＬＤＫ,205,,,,100,2021年,木造,,,北西,公道,6,第１種低層住居専用地域,30,60,2021年第2四半期,,
成約価格情報,宅地(土地と建物),,26103,京都府,京都市左京区,上高野大塚町,13000000,,５Ｋ,80,,,,70,1980年,木造,,,西,,3,第１種低層住居専用地域,50,80,2021年第2四半期,,
成約価格情報,宅地(土地と建物),,26103,京都府,京都市左京区,北白川上池田町,82000000,,４ＬＤＫ＋Ｓ,270,,,,180,1989年,木造,,,南,公道,6,第１種低層住居専用地域,50,80,2021年第2四半期,,
成約価格情報,宅地(土地と建物),,26103,京都府,京都市左京区,下鴨西本町,76000000,,５ＬＤＫ,135,,,,115, ,木造,,,北,公道,5.9,第１種低層住居専用地域,60,100,2021年第2四半期,,
成約価格情報,宅地(土地と建物),,26103,京都府,京都市左京区,下鴨萩ケ垣内町,34000000,,４ＬＤＫ,70,,,,85,1981年,木造,,,南,,6.5,第１種低層住居専用地域,50,80,2021年第2四半期,,
成約価格情報,中古マンション等,,26103,京都府,京都市左京区,聖護院山王町,38000000,,２ＬＤＫ＋Ｓ,70,,,,,1996年,ＲＣ,,,,,,近隣商業地域,,,2021年第2四半期,,
成約価格情報,中古マンション等,,26103,京都府,京都市左京区,高野竹屋町,23000000,,３ＬＤＫ,70,,,,,1978年,ＳＲＣ,,,,,,近隣商業地域,,,2021年第2四半期,,
成約価格情報,宅地(土地と建物),,26103,京都府,京都市左京区,田中飛鳥井町,4700000,,３Ｋ,35,,,,45,1975年,木造,,,南,私道,4,第１種低層住居専用地域,60,160,2021年第2四半期,,
成約価格情報,宅地(土地と建物),,26103,京都府,京都市左京区,松ケ崎東町,22000000,,７ＤＫ,120,,,,80,1962年,木造,,,西,私道,2.4,第１種低層住居専用地域,50,80,2021年第2四半期,,
不動産取引価格情報,宅地(土地と建物),住宅地,26103,京都府,京都市左京区,一乗寺堂ノ前町,10000000,,,180,,不整形,15.7,115,1973年,木造,住宅,住宅,東,市道,3.7,第１種低層住居専用地域,50,80,2021年第3四半期,,
不動産取引価格情報,林地,,26103,京都府,京都市左京区,岩倉木野町,5000000,,,970,,,,, ,,,,,,,,,,2021年第3四半期,,
不動産取引価格情報,宅地(土地と建物),住宅地,26103,京都府,京都市左京区,岩倉長谷町,8200000,,,155,,ほぼ長方形,12.5,110,1990年,木造,住宅,住宅,北西,私道,2.5,第１種低層住居専用地域,40,60,2021年第3四半期,,私道を含む取引
不動産取引価格情報,宅地(土地と建物),住宅地,26103,京都府,京都市左京区,岩倉長谷町,20000000,,,200,,ほぼ台形,,115,1988年,木造,住宅,住宅,南,私道,5,第１種低層住居専用地域,40,60,2021年第3四半期,,
不動産取引価格情報,宅地(土地と建物),住宅地,26103,京都府,京都市左京区,岩倉西河原町,26000000,,,195,,袋地等,3.2,150,1974年,木造,住宅,住宅,南東,市道,6,第１種低層住居専用地域,40,60,2021年第3四半期,,
不動産取引価格情報,宅地(土地と建物),住宅地,26103,京都府,京都市左京区,岩倉三宅町,44000000,,,230,,ほぼ長方形,14.2,130,1978年,木造,住宅,住宅,南,市道,6,第１種低層住居専用地域,40,60,2021年第3四半期,,
不動産取引価格情報,宅地(土地と建物),住宅地,26103,京都府,京都市左京区,岡崎徳成町,9200000,,,40,,ほぼ長方形,4.2,45, ,木造,住宅,住宅,北,私道,2.9,第２種中高層住居専用地域,60,200,2021年第3四半期,,
不動産取引価格情報,中古マンション等,,26103,京都府,京都市左京区,岡崎南御所町,110000000,,１ＬＤＫ,70,,,,,2015年,ＲＣ,住宅,住宅,,,,第１種低層住居専用地域,40,200,2021年第3四半期,未改装,
不動産取引価格情報,中古マンション等,,26103,京都府,京都市左京区,岡崎南御所町,60000000,,２ＬＤＫ,65,,,,,2016年,ＲＣ,住宅,住宅,,,,第１種中高層住居専用地域,60,200,2021年第3四半期,未改装,
不動産取引価格情報,宅地(土地と建物),住宅地,26103,京都府,京都市左京区,上高野市川町,110000000,,,240,,ほぼ長方形,16.3,150,2021年,木造,住宅,住宅,北,市道,6,第１種低層住居専用地域,40,60,2021年第3四半期,,
不動産取引価格情報,宅地(土地と建物),住宅地,26103,京都府,京都市左京区,上高野市川町,53000000,,,185,,台形,12,115,2001年,木造,住宅,住宅,西,市道,6.2,第１種低層住居専用地域,40,60,2021年第3四半期,,
不動産取引価格情報,宅地(土地と建物),住宅地,26103,京都府,京都市左京区,北白川仕伏町,5800000,,,80,,ほぼ長方形,5.5,65, ,木造,,住宅,北,私道,3.2,第１種低層住居専用地域,50,80,2021年第3四半期,,私道を含む取引
不動産取引価格情報,宅地(土地と建物),住宅地,26103,京都府,京都市左京区,北白川仕伏町,6500000,,,90,,ほぼ長方形,5.5,65, ,木造,住宅,住宅,北東,私道,3.2,第１種低層住居専用地域,50,80,2021年第3四半期,,私道を含む取引
不動産取引価格情報,宅地(土地と建物),商業地,26103,京都府,京都市左京区,北白川下別当町,36000000,,,185,,ほぼ長方形,8,150,1988年,鉄骨造,共同住宅、店舗,住宅,南,市道,6.4,近隣商業地域,80,200,2021年第3四半期,,
不動産取引価格情報,宅地(土地),住宅地,26103,京都府,京都市左京区,下鴨北茶ノ木町,150000000,1400000,,340,430000,ほぼ正方形,18.5,, ,,,住宅,北,市道,8.1,第１種低層住居専用地域,50,80,2021年第3四半期,,
不動産取引価格情報,宅地(土地),住宅地,26103,京都府,京都市左京区,下鴨蓼倉町,46000000,1000000,,155,300000,ほぼ長方形,9,, ,,,その他,西,市道,4.1,第１種低層住居専用地域,60,100,2021年第3四半期,,
不動産取引価格情報,宅地(土地と建物),住宅地,26103,京都府,京都市左京区,修学院中林町,43000000,,,120,,ほぼ長方形,4.2,95,2021年,木造,住宅,住宅,北,市道,4,第１種低層住居専用地域,50,80,2021年第3四半期,,
不動産取引価格情報,宅地(土地と建物),商業地,26103,京都府,京都市左京区,聖護院東町,40000000,,,55,,ほぼ長方形,5.3,100,1992年,鉄骨造,共同住宅,,東,市道,6.5,近隣商業地域,80,200,2021年第3四半期,,
不動産取引価格情報,宅地(土地と建物),商業地,26103,京都府,京都市左京区,浄土寺西田町,190000000,,,480,,不整形,,, ,,,住宅,北,府道,22,近隣商業地域,80,300,2021年第3四半期,,私道を含む取引
不動産取引価格情報,宅地(土地と建物),商業地,26103,京都府,京都市左京区,浄土寺西田町,52000000,,,70,,ほぼ長方形,6,185,1992年,鉄骨造,住宅、店舗,住宅,北,府道,26,近隣商業地域,80,300,2021年第3四半期,,
不動産取引価格情報,宅地(土地と建物),住宅地,26103,京都府,京都市左京区,高野玉岡町,25000000,,,50,,長方形,5.6,120,1987年,木造,住宅,住宅,南西,市道,3,第１種住居地域,60,200,2021年第3四半期,,
不動産取引価格情報,中古マンション等,,26103,京都府,京都市左京区,高野東開町,23000000,,２ＬＤＫ,60,,,,,1981年,ＲＣ,住宅,住宅,,,,第１種住居地域,60,200,2021年第3四半期,改装済み,
不動産取引価格情報,宅地(土地と建物),住宅地,26103,京都府,京都市左京区,松ケ崎呼返町,58000000,,,110,,ほぼ長方形,6.1,90,2021年,木造,住宅,住宅,南,市道,4,第１種低層住居専用地域,50,80,2021年第3四半期,,
不動産取引価格情報,宅地(土地と建物),住宅地,26103,京都府,京都市左京区,吉田上大路町,37000000,,,135,,長方形,8.3,150, ,,,住宅,南,市道,4,第１種低層住居専用地域,60,100,2021年第3四半期,,
成約価格情報,宅地(土地と建物),,26103,京都府,京都市左京区,岩倉上蔵町,38000000,,５ＬＤＫ,260,,,,130,1981年,木造,,,東,公道,2.7,第１種低層住居専用地域,40,60,2021年第3四半期,,
成約価格情報,宅地(土地と建物),,26103,京都府,京都市左京区,岩倉長谷町,49000000,,３ＬＤＫ,150,,,,110,2021年,木造,,,西,公道,14,第２種中高層住居専用地域,40,200,2021年第3四半期,,
成約価格情報,宅地(土地と建物),,26103,京都府,京都市左京区,岩倉西河原町,26000000,,５ＬＤＫ,195,,,,150,1974年,木造,,,南東,公道,6,第１種低層住居専用地域,40,60,2021年第3四半期,,
成約価格情報,中古マンション等,,26103,京都府,京都市左京区,岡崎南御所町,60000000,,２ＬＤＫ,70,,,,,2016年,ＲＣ,,,,,,第１種中高層住居専用地域,,,2021年第3四半期,,
成約価格情報,中古マンション等,,26103,京都府,京都市左京区,岡崎南御所町,110000000,,１ＬＤＫ,75,,,,,2015年,ＲＣ,,,,,,第１種低層住居専用地域,,,2021年第3四半期,,
成約価格情報,宅地(土地と建物),,26103,京都府,京都市左京区,北白川山ノ元町,16000000,,３ＬＤＫ,80,,,,65,1961年,木造,,,南,私道,3.8,第１種低層住居専用地域,40,80,2021年第3四半期,,
成約価格情報,宅地(土地と建物),,26103,京都府,京都市左京区,下鴨東岸本町,63000000,,３ＬＤＫ,120,,,,100, ,木造,,,北,公道,6,第１種低層住居専用地域,50,80,2021年第3四半期,,
成約価格情報,宅地(土地と建物),,26103,京都府,京都市左京区,高野玉岡町,25000000,,４ＬＤＫ＋Ｓ,55,,,,120,1987年,木造,,,南西,私道,3.5,第１種住居地域,60,160,2021年第3四半期,,
不動産取引価格情報,宅地(土地),住宅地,26103,京都府,京都市左京区,一乗寺葉山町,15000000,310000,,160,93000,ほぼ長方形,10,, ,,,,南,私道,4,第１種低層住居専用地域,50,80,2021年第3四半期,,私道を含む取引
不動産取引価格情報,宅地(土地と建物),住宅地,26103,京都府,京都市左京区,岩倉中在地町,34000000,,,150,,袋地等,3,85,2021年,木造,住宅,住宅,北,府道,5.9,第１種低層住居専用地域,40,60,2021年第3四半期,,
不動産取引価格情報,宅地(土地と建物),住宅地,26103,京都府,京都市左京区,岩倉中在地町,45000000,,,170,,ほぼ台形,10.4,105,2021年,木造,住宅,住宅,東,府道,6.4,第１種低層住居専用地域,40,60,2021年第3四半期,,
不動産取引価格情報,宅地(土地),宅地見込地,26103,京都府,京都市左京区,大原戸寺町,4000000,40000,,330,12000,ほぼ長方形,18,, ,,,,東,農道,1.5,市街化調整区域,,,2021年第3四半期,,
不動産取引価格情報,宅地(土地と建物),住宅地,26103,京都府,京都市左京区,静市市原町,28000000,,,140,,ほぼ整形,13.5,85,1978年,鉄骨造,住宅,住宅,南西,市道,6,第１種低層住居専用地域,40,60,2021年第3四半期,,
不動産取引価格情報,宅地(土地と建物),住宅地,26103,京都府,京都市左京区,静市市原町,43000000,,,165,,ほぼ長方形,9.9,100,2022年,鉄骨造,住宅,住宅,南,私道,6,第１種低層住居専用地域,40,60,2021年第3四半期,,
不動産取引価格情報,宅地(土地と建物),住宅地,26103,京都府,京都市左京区,静市市原町,49000000,,,300,,不整形,13,110,2021年,木造,住宅,住宅,東,市道,19.5,第１種低層住居専用地域,40,60,2021年第3四半期,,
不動産取引価格情報,中古マンション等,,26103,京都府,京都市左京区,下鴨北園町,37000000,,,60,,,,,1995年,ＲＣ,住宅,事務所,,,,第２種中高層住居専用地域,60,200,2021年第3四半期,未改装,
不動産取引価格情報,宅地(土地),住宅地,26103,京都府,京都市左京区,下鴨北園町,40000000,800000,,165,240000,袋地等,2.2,, ,,,住宅,北,市道,6.5,第１種低層住居専用地域,50,80,2021年第3四半期,,
不動産取引価格情報,宅地(土地と建物),住宅地,26103,京都府,京都市左京区,下鴨北園町,350000000,,,580,,ほぼ長方形,22,160, ,木造,住宅,住宅,東,市道,6.6,第１種低層住居専用地域,50,80,2021年第3四半期,,
不動産取引価格情報,宅地(土地と建物),住宅地,26103,京都府,京都市左京区,下鴨北園町,320000000,,,580,,ほぼ長方形,22,160, ,木造,住宅,住宅,東,市道,6.6,第１種低層住居専用地域,50,80,2021年第3四半期,,
不動産取引価格情報,宅地(土地),住宅地,26103,京都府,京都市左京区,下鴨北園町,78000000,1600000,,160,480000,長方形,6.1,, ,,,住宅,南,市道,6.7,第１種低層住居専用地域,50,80,2021年第3四半期,,
不動産取引価格情報,宅地(土地と建物),住宅地,26103,京都府,京都市左京区,下鴨芝本町,25000000,,,95,,ほぼ正方形,7.7,90,1966年,木造,住宅,住宅,北西,私道,2.6,第１種低層住居専用地域,60,100,2021年第3四半期,,
不動産取引価格情報,宅地(土地と建物),商業地,26103,京都府,京都市左京区,下鴨芝本町,100000000,,,195,,ほぼ長方形,7.8,185,1995年,木造,住宅、店舗,住宅,東,府道,22,近隣商業地域,80,300,2021年第3四半期,,
不動産取引価格情報,宅地(土地),住宅地,26103,京都府,京都市左京区,下鴨西半木町,92000000,1300000,,240,390000,長方形,11.3,, ,,,住宅,北西,市道,6,第１種低層住居専用地域,50,80,2021年第3四半期,,
不動産取引価格情報,中古マンション等,,26103,京都府,京都市左京区,修学院犬塚町,48000000,,４ＬＤＫ,85,,,,,1998年,ＲＣ,住宅,住宅,,,,第１種低層住居専用地域,50,80,2021年第3四半期,改装済み,
不動産取引価格情報,宅地(土地と建物),住宅地,26103,京都府,京都市左京区,浄土寺東田町,36000000,,,50,,ほぼ長方形,5.5,85,2021年,木造,住宅,住宅,北,私道,4,第１種中高層住居専用地域,60,200,2021年第3四半期,,
不動産取引価格情報,宅地(土地と建物),住宅地,26103,京都府,京都市左京区,田中古川町,160000000,,,240,,ほぼ台形,11,710,2003年,ＲＣ,共同住宅,住宅,北,市道,6,第１種住居地域,60,200,2021年第3四半期,,
不動産取引価格情報,宅地(土地),住宅地,26103,京都府,京都市左京区,岩倉三笠町,39000000,750000,,170,230000,袋地等,3,, ,,,,南,市道,6,第１種低層住居専用地域,40,60,2021年第3四半期,,
成約価格情報,宅地(土地と建物),,26103,京都府,京都市左京区,一乗寺青城町,50000000,,３ＬＤＫ,115,,,,90,2021年,木造,,,北,公道,3.9,第１種低層住居専用地域,50,80,2021年第3四半期,,
成約価格情報,宅地(土地と建物),,26103,京都府,京都市左京区,岩倉中在地町,6800000,,５ＤＫ,110,,,,80,1974年,ＲＣ,,,北,,,第１種低層住居専用地域,50,80,2021年第3四半期,,
成約価格情報,中古マンション等,,26103,京都府,京都市左京区,岩倉西宮田町,36000000,,３ＬＤＫ,70,,,,,2000年,ＲＣ,,,,,,第１種低層住居専用地域,,,2021年第3四半期,,
成約価格情報,宅地(土地と建物),,26103,京都府,京都市左京区,静市市原町,47000000,,４ＬＤＫ,230,,,,115,2021年,木造,,,北東,公道,11,第１種低層住居専用地域,40,60,2021年第3四半期,,
成約価格情報,宅地(土地と建物),,26103,京都府,京都市左京区,静市市原町,49000000,,４ＬＤＫ,305,,,,115,2021年,木造,,,北東,公道,11,第１種低層住居専用地域,40,60,2021年第3四半期,,
成約価格情報,宅地(土地と建物),,26103,京都府,京都市左京区,静市市原町,47000000,,４ＬＤＫ,285,,,,135,2020年,木造,,,北東,公道,5.9,第１種低層住居専用地域,30,60,2021年第3四半期,,
成約価格情報,中古マンション等,,26103,京都府,京都市左京区,下鴨北園町,37000000,,２ＬＤＫ,65,,,,,1994年,ＲＣ,,,,,,第２種中高層住居専用地域,,,2021年第3四半期,,
成約価格情報,宅地(土地と建物),,26103,京都府,京都市左京区,下鴨芝本町,63000000,,４ＬＤＫ＋Ｓ,150,,,,120,2008年,木造,,,南東,公道,5.9,第１種低層住居専用地域,60,100,2021年第3四半期,,
成約価格情報,宅地(土地と建物),,26103,京都府,京都市左京区,浄土寺東田町,35000000,,３ＬＤＫ,50,,,,90,2021年,木造,,,北,私道,4,第１種中高層住居専用地域,60,160,2021年第3四半期,,
成約価格情報,宅地(土地と建物),,26103,京都府,京都市左京区,松ケ崎井出ケ鼻町,60000000,,６ＬＤＫ,455,,,,240,1980年,,,,西,公道,3.8,第１種低層住居専用地域,40,80,2021年第3四半期,,
成約価格情報,中古マンション等,,26103,京都府,京都市左京区,八瀬野瀬町,12000000,,２ＬＤＫ,60,,,,,1988年,ＲＣ,,,,,,第１種低層住居専用地域,,,2021年第3四半期,,
成約価格情報,中古マンション等,,26103,京都府,京都市左京区,八瀬野瀬町,10000000,,３ＬＤＫ,70,,,,,1988年,ＲＣ,,,,,,第１種低層住居専用地域,,,2021年第3四半期,,
成約価格情報,宅地(土地と建物),,26103,京都府,京都市左京区,吉田神楽岡町,120000000,,３ＬＤＫ＋Ｓ,615,,,,120,1978年,木造,,,南,私道,3.5,第１種低層住居専用地域,40,100,2021年第3四半期,,
成約価格情報,宅地(土地と建物),,26103,京都府,京都市左京区,吉田神楽岡町,51000000,,４ＬＤＫ,115,,,,110,2017年,木造,,,南,公道,5.5,第１種低層住居専用地域,60,100,2021年第3四半期,,
成約価格情報,宅地(土地と建物),,26103,京都府,京都市左京区,吉田近衛町,25000000,,５ＬＤＫ＋Ｓ,100,,,,160,1975年,木造,,,南,私道,2.8,第１種中高層住居専用地域,60,160,2021年第3四半期,,
不動産取引価格情報,宅地(土地と建物),商業地,26103,京都府,京都市左京区,一乗寺地蔵本町,35000000,,,100,,ほぼ長方形,,,1962年,木造,店舗,その他,南,市道,25,準住居地域,60,300,2021年第3四半期,,
不動産取引価格情報,宅地(土地と建物),住宅地,26103,京都府,京都市左京区,一乗寺南大丸町,40000000,,,75,,ほぼ長方形,5.3,95,2021年,木造,住宅,住宅,東,市道,6,第１種住居地域,60,200,2021年第3四半期,,
不動産取引価格情報,宅地(土地と建物),住宅地,26103,京都府,京都市左京区,岩倉中町,60000000,,,260,,ほぼ長方形,11.7,155,2001年,木造,住宅,住宅,北,市道,6,第１種低層住居専用地域,40,60,2021年第3四半期,,
不動産取引価格情報,宅地(土地と建物),住宅地,26103,京都府,京都市左京区,岩倉中町,88000000,,,240,,ほぼ台形,12.7,130, ,木造,住宅,住宅,南東,私道,6,第１種低層住居専用地域,40,60,2021年第3四半期,,
不動産取引価格情報,宅地(土地と建物),住宅地,26103,京都府,京都市左京区,岩倉南池田町,81000000,,,620,,不整形,23.9,, ,,,住宅,南,市道,6.4,第１種低層住居専用地域,40,60,2021年第3四半期,,
不動産取引価格情報,宅地(土地と建物),住宅地,26103,京都府,京都市左京区,岡崎西福ノ川町,44000000,,,60,,ほぼ長方形,4.7,105,2021年,木造,住宅,住宅,東,私道,5,近隣商業地域,80,200,2021年第3四半期,,
不動産取引価格情報,宅地(土地と建物),住宅地,26103,京都府,京都市左京区,上高野東氷室町,7800000,,,55,,長方形,4,65,1965年,木造,住宅,住宅,南,私道,4,第１種低層住居専用地域,50,80,2021年第3四半期,,私道を含む取引
不動産取引価格情報,宅地(土地と建物),住宅地,26103,京都府,京都市左京区,下鴨泉川町,75000000,,,180,,ほぼ長方形,10,120, ,木造,住宅,住宅,北,市道,4,第１種低層住居専用地域,60,100,2021年第3四半期,,
不動産取引価格情報,宅地(土地と建物),住宅地,26103,京都府,京都市左京区,下鴨貴船町,46000000,,,85,,ほぼ長方形,6.2,95,2007年,木造,住宅,住宅,北,市道,6,近隣商業地域,80,200,2021年第3四半期,,
不動産取引価格情報,宅地(土地と建物),住宅地,26103,京都府,京都市左京区,下鴨水口町,98000000,,,190,,長方形,10.8,145,2016年,木造,住宅,住宅,南,市道,11.1,第１種低層住居専用地域,50,80,2021年第3四半期,,
不動産取引価格情報,宅地(土地と建物),住宅地,26103,京都府,京都市左京区,修学院馬場脇町,7800000,,,55,,ほぼ長方形,4,75,1987年,木造,住宅,住宅,北西,市道,4.4,第１種低層住居専用地域,50,80,2021年第3四半期,,
不動産取引価格情報,宅地(土地と建物),住宅地,26103,京都府,京都市左京区,修学院仏者町,14000000,,,70,,ほぼ長方形,4.6,65,1975年,木造,住宅,住宅,北西,市道,5.2,第１種低層住居専用地域,50,80,2021年第3四半期,,
不動産取引価格情報,宅地(土地と建物),住宅地,26103,京都府,京都市左京区,高野泉町,9000000,,,55,,ほぼ長方形,3.6,45,1968年,木造,住宅,住宅,北西,私道,4,第２種中高層住居専用地域,60,200,2021年第3四半期,,
不動産取引価格情報,中古マンション等,,26103,京都府,京都市左京区,高野西開町,19000000,,２ＬＤＫ,45,,,,,1988年,ＲＣ,住宅,,,,,第２種住居地域,60,200,2021年第3四半期,改装済み,
不動産取引価格情報,中古マンション等,,26103,京都府,京都市左京区,高野西開町,22000000,,２ＬＤＫ,60,,,,,1977年,ＲＣ,住宅,住宅,,,,近隣商業地域,80,300,2021年第3四半期,未改装,
不動産取引価格情報,宅地(土地),住宅地,26103,京都府,京都市左京区,田中野神町,110000000,1200000,,310,360000,不整形,17.6,, ,,,住宅,北西,市道,5,第１種住居地域,60,200,2021年第3四半期,,
不動産取引価格情報,宅地(土地と建物),住宅地,26103,京都府,京都市左京区,松ケ崎小竹藪町,31000000,,,105,,ほぼ長方形,5.5,65,1963年,木造,住宅,住宅,西,私道,5,第１種中高層住居専用地域,40,200,2021年第3四半期,,私道を含む取引
不動産取引価格情報,宅地(土地と建物),住宅地,26103,京都府,京都市左京区,松ケ崎堀町,55000000,,,85,,ほぼ長方形,5.7,70,2021年,木造,住宅,住宅,北,府道,6,第１種低層住居専用地域,50,80,2021年第3四半期,,
不動産取引価格情報,宅地(土地と建物),住宅地,26103,京都府,京都市左京区,山端大塚町,4000000,,,65,,ほぼ長方形,5.1,50,1970年,木造,住宅,住宅,南,私道,4,第１種低層住居専用地域,50,80,2021年第3四半期,,私道を含む取引
成約価格情報,中古マンション等,,26103,京都府,京都市左京区,一乗寺大原田町,19000000,,３ＬＤＫ,60,,,,,1985年,ＲＣ,,,,,,第１種住居地域,,,2021年第3四半期,,
成約価格情報,中古マンション等,,26103,京都府,京都市左京区,一乗寺染殿町,19000000,,２ＬＤＫ,70,,,,,1974年,ＲＣ,,,,,,第１種低層住居専用地域,,,2021年第3四半期,,
成約価格情報,宅地(土地と建物),,26103,京都府,京都市左京区,一乗寺南大丸町,40000000,,２ＬＤＫ＋Ｓ,75,,,,100,2021年,木造,,,東,公道,3.8,第１種住居地域,70,160,2021年第3四半期,,
成約価格情報,宅地(土地と建物),,26103,京都府,京都市左京区,岩倉中町,60000000,,３ＬＤＫ＋Ｓ,260,,,,155,2001年,木造,,,北,公道,6,第１種低層住居専用地域,40,60,2021年第3四半期,,
成約価格情報,宅地(土地と建物),,26103,京都府,京都市左京区,岩倉東宮田町,28000000,,３ＬＤＫ,135,,,,90,1983年,木造,,,北東,公道,6,第１種低層住居専用地域,40,60,2021年第3四半期,,
成約価格情報,宅地(土地と建物),,26103,京都府,京都市左京区,岩倉南池田町,67000000,,７ＬＤＫ＋Ｓ,345,,,,160,1983年,軽量鉄骨造,,,南,公道,9,第１種低層住居専用地域,40,60,2021年第3四半期,,
成約価格情報,中古マンション等,,26103,京都府,京都市左京区,岡崎天王町,18000000,,２ＤＫ,55,,,,,1970年,ＲＣ,,,,,,第１種中高層住居専用地域,,,2021年第3四半期,,
成約価格情報,中古マンション等,,26103,京都府,京都市左京区,岡崎東天王町,19000000,,２ＤＫ,45,,,,,1977年,ＲＣ,,,,,,近隣商業地域,,,2021年第3四半期,,
成約価格情報,中古マンション等,,26103,京都府,京都市左京区,下鴨泉川町,72000000,,２ＬＤＫ,70,,,,,2017年,ＲＣ,,,,,,第１種低層住居専用地域,,,2021年第3四半期,,
成約価格情報,宅地(土地と建物),,26103,京都府,京都市左京区,高野泉町,9000000,,３ＤＫ,50,,,,50,1968年,木造,,,北西,私道,4,第２種中高層住居専用地域,,,2021年第3四半期,,
成約価格情報,中古マンション等,,26103,京都府,京都市左京区,高野西開町,22000000,,２ＬＤＫ,65,,,,,1977年,ＲＣ,,,,,,商業地域,,,2021年第3四半期,,
成約価格情報,中古マンション等,,26103,京都府,京都市左京区,松ケ崎小竹藪町,80000000,,３ＬＤＫ,100,,,,,2014年,ＲＣ,,,,,,第２種中高層住居専用地域,,,2021年第3四半期,,
成約価格情報,宅地(土地と建物),,26103,京都府,京都市左京区,松ケ崎小竹藪町,37000000,,６ＤＫ,95,,,,130,1979年,木造,,,北東,私道,4.8,第１種中高層住居専用地域,60,200,2021年第3四半期,,
不動産取引価格情報,宅地(土地と建物),住宅地,26103,京都府,京都市左京区,一乗寺大新開町,250000000,,,730,,ほぼ長方形,21,410,1967年,鉄骨造,その他,住宅,西,市道,6,第１種住居地域,60,200,2021年第3四半期,,
不動産取引価格情報,宅地(土地と建物),住宅地,26103,京都府,京都市左京区,一乗寺塚本町,39000000,,,180,,ほぼ長方形,18,150,1987年,木造,住宅,住宅,西,市道,11,第１種低層住居専用地域,50,80,2021年第3四半期,,
不動産取引価格情報,宅地(土地と建物),住宅地,26103,京都府,京都市左京区,岩倉幡枝町,70000000,,,180,,ほぼ正方形,12.5,, ,,,住宅,北,私道,6,第１種低層住居専用地域,40,60,2021年第3四半期,,
不動産取引価格情報,宅地(土地と建物),住宅地,26103,京都府,京都市左京区,岩倉幡枝町,50000000,,,180,,長方形,11.8,105,2022年,木造,住宅,,東,市道,12,第１種低層住居専用地域,40,60,2021年第3四半期,,
不動産取引価格情報,宅地(土地),住宅地,26103,京都府,京都市左京区,岩倉幡枝町,30000000,310000,,320,95000,不整形,13,, ,,,住宅,南,私道,6,第１種低層住居専用地域,40,50,2021年第3四半期,,
不動産取引価格情報,宅地(土地),住宅地,26103,京都府,京都市左京区,岩倉幡枝町,900000,16000,,190,4800,ほぼ長方形,8,, ,,,,北西,府道,5.6,市街化調整区域,60,100,2021年第3四半期,,
不動産取引価格情報,宅地(土地),住宅地,26103,京都府,京都市左京区,岩倉花園町,10000000,100000,,320,31000,ほぼ台形,19,, ,,,,南,道路,3.3,第１種低層住居専用地域,40,60,2021年第3四半期,,
不動産取引価格情報,宅地(土地と建物),住宅地,26103,京都府,京都市左京区,岩倉花園町,57000000,,,185,,ほぼ長方形,14.3,110,2021年,木造,住宅,住宅,西,私道,6,第１種低層住居専用地域,40,60,2021年第3四半期,,
不動産取引価格情報,宅地(土地),住宅地,26103,京都府,京都市左京区,岩倉花園町,32000000,320000,,330,97000,長方形,22.2,, ,,,住宅,南西,市道,6.2,第１種低層住居専用地域,40,60,2021年第3四半期,,
不動産取引価格情報,宅地(土地),住宅地,26103,京都府,京都市左京区,岩倉花園町,38000000,500000,,250,150000,ほぼ長方形,20.3,, ,,,,北,道路,3.6,第１種低層住居専用地域,40,60,2021年第3四半期,,
不動産取引価格情報,宅地(土地),住宅地,26103,京都府,京都市左京区,岩倉花園町,12000000,300000,,135,91000,ほぼ長方形,10,, ,,,住宅,南,私道,4,第１種低層住居専用地域,40,60,2021年第3四半期,,
不動産取引価格情報,宅地(土地),住宅地,26103,京都府,京都市左京区,岩倉村松町,10000000,170000,,195,51000,袋地等,,, ,,,住宅,南,私道,5,第１種低層住居専用地域,50,80,2021年第3四半期,,
不動産取引価格情報,中古マンション等,,26103,京都府,京都市左京区,上高野東山,7500000,,１ＬＤＫ,60,,,,, ,ＲＣ,,住宅,,,,第２種住居地域,60,200,2021年第3四半期,未改装,
不動産取引価格情報,宅地(土地と建物),住宅地,26103,京都府,京都市左京区,北白川久保田町,15000000,,,55,,ほぼ長方形,5.2,50, ,木造,住宅,,西,市道,6,近隣商業地域,80,300,2021年第3四半期,,
不動産取引価格情報,宅地(土地と建物),住宅地,26103,京都府,京都市左京区,北白川平井町,57000000,,,165,,ほぼ長方形,11.5,130, ,,,住宅,北,市道,6,第１種低層住居専用地域,50,80,2021年第3四半期,,
不動産取引価格情報,宅地(土地と建物),住宅地,26103,京都府,京都市左京区,下鴨梅ノ木町,120000000,,,175,,長方形,8.7,135,2015年,木造,住宅,住宅,北,市道,5.4,第１種低層住居専用地域,50,80,2021年第3四半期,,
不動産取引価格情報,宅地(土地と建物),住宅地,26103,京都府,京都市左京区,下鴨神殿町,64000000,,,150,,長方形,6.2,110,1961年,木造,住宅,住宅,南,市道,6.4,第１種低層住居専用地域,50,80,2021年第3四半期,,
不動産取引価格情報,宅地(土地と建物),住宅地,26103,京都府,京都市左京区,下鴨西高木町,42000000,,,110,,ほぼ長方形,5.7,110,1981年,木造,住宅,住宅,東,市道,5.7,第１種低層住居専用地域,60,100,2021年第3四半期,,
不動産取引価格情報,宅地(土地と建物),住宅地,26103,京都府,京都市左京区,下鴨西本町,76000000,,,130,,不整形,7.3,115,1991年,木造,住宅,住宅,北,市道,6,第１種低層住居専用地域,60,100,2021年第3四半期,,
不動産取引価格情報,中古マンション等,,26103,京都府,京都市左京区,修学院鹿ノ下町,29000000,,３ＬＤＫ,65,,,,,2001年,ＲＣ,住宅,住宅,,,,第２種住居地域,60,300,2021年第3四半期,改装済み,
不動産取引価格情報,宅地(土地と建物),住宅地,26103,京都府,京都市左京区,聖護院円頓美町,44000000,,,70,,ほぼ長方形,6.6,80,2021年,木造,住宅,住宅,西,私道,5,第２種中高層住居専用地域,60,200,2021年第3四半期,,私道を含む取引
不動産取引価格情報,宅地(土地と建物),住宅地,26103,京都府,京都市左京区,聖護院円頓美町,46000000,,,75,,ほぼ長方形,7.2,85,2021年,木造,住宅,住宅,西,私道,5,第２種中高層住居専用地域,60,200,2021年第3四半期,,
不動産取引価格情報,中古マンション等,,26103,京都府,京都市左京区,聖護院山王町,6800000,,１Ｋ,35,,,,,1974年,ＳＲＣ,店舗,事務所,,,,近隣商業地域,80,300,2021年第3四半期,未改装,
不動産取引価格情報,中古マンション等,,26103,京都府,京都市左京区,聖護院山王町,21000000,,１Ｋ,20,,,,,2007年,ＲＣ,住宅,その他,,,,近隣商業地域,80,300,2021年第3四半期,未改装,
不動産取引価格情報,中古マンション等,,26103,京都府,京都市左京区,聖護院蓮華蔵町,15000000,,１ＬＤＫ,45,,,,,1970年,ＲＣ,,住宅,,,,第１種住居地域,60,200,2021年第3四半期,未改装,
不動産取引価格情報,宅地(土地と建物),住宅地,26103,京都府,京都市左京区,浄土寺下南田町,7300000,,,50,,不整形,11.9,75,1990年,木造,住宅,店舗,北西,市道,2.3,第１種低層住居専用地域,50,80,2021年第3四半期,,
不動産取引価格情報,宅地(土地と建物),住宅地,26103,京都府,京都市左京区,浄土寺下南田町,55000000,,,260,,不整形,10,135, ,木造,住宅,住宅,南東,市道,3,第１種低層住居専用地域,50,80,2021年第3四半期,,
不動産取引価格情報,宅地(土地と建物),住宅地,26103,京都府,京都市左京区,田中南西浦町,11000000,,,50,,ほぼ長方形,4.3,60,1992年,木造,住宅,住宅,西,私道,3,準工業地域,60,200,2021年第3四半期,,私道を含む取引
不動産取引価格情報,中古マンション等,,26103,京都府,京都市左京区,山端橋ノ本町,13000000,,１Ｋ,20,,,,,2011年,ＲＣ,住宅,その他,,,,第２種中高層住居専用地域,60,200,2021年第3四半期,未改装,
成約価格情報,中古マンション等,,26103,京都府,京都市左京区,一乗寺谷田町,42000000,,２ＬＤＫ,65,,,,,2017年,ＲＣ,,,,,,第２種住居地域,,,2021年第3四半期,,
成約価格情報,宅地(土地と建物),,26103,京都府,京都市左京区,一乗寺松田町,50000000,,３ＬＤＫ,115,,,,95,2021年,木造,,,西,公道,4,第１種低層住居専用地域,50,80,2021年第3四半期,,
成約価格情報,宅地(土地と建物),,26103,京都府,京都市左京区,一乗寺宮ノ東町,44000000,,４ＬＤＫ,155,,,,95,2004年,木造,,,西,公道,5.8,第１種低層住居専用地域,50,80,2021年第3四半期,,
成約価格情報,宅地(土地と建物),,26103,京都府,京都市左京区,岩倉村松町,32000000,,３ＬＤＫ,175,,,,95,2021年,木造,,,北東,公道,6,第１種低層住居専用地域,30,60,2021年第3四半期,,
成約価格情報,宅地(土地と建物),,26103,京都府,京都市左京区,北白川平井町,60000000,,５Ｋ,185,,,,135,1950年,木造,,,北,公道,6,第１種低層住居専用地域,50,80,2021年第3四半期,,
成約価格情報,宅地(土地と建物),,26103,京都府,京都市左京区,下鴨西高木町,43000000,,６ＤＫ,110,,,,115,1981年,木造,,,東,公道,6,第１種低層住居専用地域,60,100,2021年第3四半期,,
成約価格情報,宅地(土地と建物),,26103,京都府,京都市左京区,下鴨宮崎町,41000000,,３ＤＫ＋Ｓ,85,,,,90,2005年,木造,,,東,公道,6.5,第１種低層住居専用地域,60,100,2021年第3四半期,,
成約価格情報,宅地(土地と建物),,26103,京都府,京都市左京区,修学院千万田町,43000000,,４ＬＤＫ＋Ｓ,190,,,,150,2006年,木造,,,南,私道,5,第１種低層住居専用地域,50,80,2021年第3四半期,,
成約価格情報,中古マンション等,,26103,京都府,京都市左京区,聖護院山王町,6800000,,１ＬＤＫ,35,,,,,1974年,ＳＲＣ,,,,,,近隣商業地域,,,2021年第3四半期,,
成約価格情報,中古マンション等,,26103,京都府,京都市左京区,聖護院蓮華蔵町,27000000,,２ＬＤＫ,60,,,,,1978年,ＲＣ,,,,,,第１種住居地域,,,2021年第3四半期,,
成約価格情報,宅地(土地と建物),,26103,京都府,京都市左京区,田中上玄京町,18000000,,５ＤＫ,70,,,,120, ,木造,,,西,公道,5.9,第１種住居地域,60,200,2021年第3四半期,,
成約価格情報,宅地(土地と建物),,26103,京都府,京都市左京区,田中南西浦町,37000000,,３ＬＤＫ,70,,,,95,2021年,木造,,,東,私道,2.9,準工業地域,70,200,2021年第3四半期,,
不動産取引価格情報,中古マンション等,,26103,京都府,京都市左京区,一乗寺西水干町,27000000,,２ＬＤＫ,50,,,,,2006年,ＲＣ,,住宅,,,,第１種住居地域,60,200,2021年第4四半期,未改装,
不動産取引価格情報,宅地(土地と建物),住宅地,26103,京都府,京都市左京区,岩倉長谷町,50000000,,,155,,長方形,7.7,95, ,,,住宅,西,市道,6,第１種低層住居専用地域,40,60,2021年第4四半期,,
不動産取引価格情報,宅地(土地),住宅地,26103,京都府,京都市左京区,岩倉長谷町,16000000,380000,,135,110000,ほぼ長方形,7.5,, ,,,,西,市道,6,第１種低層住居専用地域,40,60,2021年第4四半期,,
不動産取引価格情報,宅地(土地),住宅地,26103,京都府,京都市左京区,岩倉長谷町,17000000,520000,,110,160000,ほぼ長方形,13.4,, ,,,その他,西,市道,10.6,第１種低層住居専用地域,50,80,2021年第4四半期,,
不動産取引価格情報,宅地(土地と建物),住宅地,26103,京都府,京都市左京区,岡崎成勝寺町,22000000,,,50,,長方形,5.3,70,1975年,木造,住宅,倉庫,西,市道,2.4,第２種中高層住居専用地域,60,200,2021年第4四半期,,
不動産取引価格情報,中古マンション等,,26103,京都府,京都市左京区,岡崎南御所町,100000000,,３ＬＤＫ,85,,,,,2015年,ＲＣ,住宅,その他,,,,第２種住居地域,60,200,2021年第4四半期,未改装,
不動産取引価格情報,宅地(土地と建物),商業地,26103,京都府,京都市左京区,岡崎南御所町,25000000,,,55,,長方形,4.7,95, ,,,住宅,接面道路無,,,第２種住居地域,60,200,2021年第4四半期,,
不動産取引価格情報,中古マンション等,,26103,京都府,京都市左京区,北白川地蔵谷町,23000000,,２ＬＤＫ,75,,,,,1998年,ＲＣ,住宅,住宅,,,,第１種住居地域,60,200,2021年第4四半期,改装済み,
不動産取引価格情報,宅地(土地と建物),住宅地,26103,京都府,京都市左京区,鹿ケ谷法然院西町,10000000,,,30,,長方形,2.7,40,1971年,木造,,住宅,北,市道,6,第１種低層住居専用地域,50,80,2021年第4四半期,,
不動産取引価格情報,宅地(土地と建物),住宅地,26103,京都府,京都市左京区,下鴨下川原町,65000000,,,270,,不整形,8.6,180,1988年,木造,住宅,住宅,西,市道,4.8,第１種低層住居専用地域,60,100,2021年第4四半期,,
不動産取引価格情報,宅地(土地と建物),住宅地,26103,京都府,京都市左京区,下鴨蓼倉町,30000000,,,80,,ほぼ台形,6,115,1985年,木造,住宅,住宅,東,市道,7,第１種低層住居専用地域,60,100,2021年第4四半期,,
不動産取引価格情報,宅地(土地と建物),住宅地,26103,京都府,京都市左京区,下鴨蓼倉町,46000000,,,115,,袋地等,2.7,90,2021年,木造,住宅,住宅,北,市道,3,第１種低層住居専用地域,60,100,2021年第4四半期,,
不動産取引価格情報,宅地(土地と建物),住宅地,26103,京都府,京都市左京区,浄土寺上馬場町,54000000,,,135,,長方形,6,100,2021年,木造,住宅,住宅,西,市道,4.3,第１種低層住居専用地域,60,100,2021年第4四半期,,
不動産取引価格情報,宅地(土地と建物),住宅地,26103,京都府,京都市左京区,浄土寺上馬場町,52000000,,,125,,長方形,6.2,100,2021年,木造,住宅,住宅,西,市道,4.3,第１種低層住居専用地域,60,100,2021年第4四半期,,
不動産取引価格情報,中古マンション等,,26103,京都府,京都市左京区,浄土寺西田町,8500000,,１Ｋ,25,,,,,1989年,ＲＣ,住宅,住宅,,,,近隣商業地域,80,300,2021年第4四半期,改装済み,
不動産取引価格情報,宅地(土地と建物),住宅地,26103,京都府,京都市左京区,浄土寺馬場町,49000000,,,65,,ほぼ正方形,8.1,165,1983年,ＲＣ,住宅,,西,市道,21.5,近隣商業地域,80,300,2021年第4四半期,,
不動産取引価格情報,中古マンション等,,26103,京都府,京都市左京区,高野東開町,18000000,,２ＬＤＫ,60,,,,,1981年,ＲＣ,住宅,住宅,,,,第１種住居地域,60,200,2021年第4四半期,未改装,
不動産取引価格情報,宅地(土地と建物),住宅地,26103,京都府,京都市左京区,田中東春菜町,97000000,,,380,,ほぼ長方形,14.8,, ,,,住宅,北,市道,6,第１種低層住居専用地域,50,80,2021年第4四半期,,
不動産取引価格情報,宅地(土地と建物),住宅地,26103,京都府,京都市左京区,南禅寺草川町,78000000,,,100,,長方形,6,100,2005年,木造,住宅,住宅,南,市道,7,第２種住居地域,60,200,2021年第4四半期,,
不動産取引価格情報,宅地(土地と建物),住宅地,26103,京都府,京都市左京区,松ケ崎柳井田町,58000000,,,120,,長方形,6.3,95,2006年,木造,住宅,住宅,北,市道,6,第１種低層住居専用地域,50,80,2021年第4四半期,,
不動産取引価格情報,宅地(土地),住宅地,26103,京都府,京都市左京区,吉田上大路町,20000000,900000,,75,270000,ほぼ整形,8,, ,,,住宅,南,市道,8.4,第１種低層住居専用地域,60,100,2021年第4四半期,,
不動産取引価格情報,宅地(土地),住宅地,26103,京都府,京都市左京区,吉田上大路町,47000000,1100000,,145,330000,長方形,8.1,, ,,,住宅,北,市道,4.5,第１種低層住居専用地域,60,100,2021年第4四半期,,
成約価格情報,宅地(土地と建物),,26103,京都府,京都市左京区,岩倉長谷町,47000000,,３ＬＤＫ,150,,,,100,2021年,木造,,,東,公道,6,第２種中高層住居専用地域,40,200,2021年第4四半期,,
成約価格情報,宅地(土地と建物),,26103,京都府,京都市左京区,岩倉長谷町,32000000,,３ＬＤＫ,115,,,,80, ,木造,,,東,公道,6,第１種低層住居専用地域,40,80,2021年第4四半期,,
成約価格情報,宅地(土地と建物),,26103,京都府,京都市左京区,岩倉三宅町,40000000,,３ＬＤＫ,150,,,,125,1988年,鉄骨造,,,北,公道,4.5,第２種中高層住居専用地域,40,,2021年第4四半期,,
成約価格情報,中古マンション等,,26103,京都府,京都市左京区,北白川地蔵谷町,23000000,,２ＬＤＫ＋Ｓ,80,,,,,1998年,ＲＣ,,,,,,第１種住居地域,,,2021年第4四半期,,
成約価格情報,宅地(土地と建物),,26103,京都府,京都市左京区,鹿ケ谷法然院西町,10000000,,４ＤＫ,35,,,,40,1971年,木造,,,北,公道,5.8,第１種低層住居専用地域,50,80,2021年第4四半期,,
成約価格情報,宅地(土地と建物),,26103,京都府,京都市左京区,下鴨蓼倉町,27000000,,３ＬＤＫ＋Ｓ,80,,,,80,1983年,木造,,,西,公道,3.3,第１種低層住居専用地域,60,100,2021年第4四半期,,
成約価格情報,宅地(土地と建物),,26103,京都府,京都市左京区,浄土寺上馬場町,54000000,,２ＬＤＫ＋Ｓ,115,,,,100,2021年,木造,,,西,公道,4.5,第１種低層住居専用地域,60,100,2021年第4四半期,,
成約価格情報,宅地(土地と建物),,26103,京都府,京都市左京区,浄土寺上馬場町,56000000,,３ＬＤＫ,125,,,,100,2021年,木造,,,西,公道,4.5,第１種低層住居専用地域,60,100,2021年第4四半期,,
成約価格情報,宅地(土地と建物),,26103,京都府,京都市左京区,浄土寺上馬場町,56000000,,３ＬＤＫ,135,,,,100,2021年,木造,,,西,公道,4.5,第１種低層住居専用地域,60,100,2021年第4四半期,,
成約価格情報,中古マンション等,,26103,京都府,京都市左京区,浄土寺馬場町,14000000,,２ＤＫ,55,,,,,1970年,ＲＣ,,,,,,第１種中高層住居専用地域,,,2021年第4四半期,,
成約価格情報,中古マンション等,,26103,京都府,京都市左京区,高野東開町,46000000,,３ＬＤＫ,70,,,,,2013年,ＲＣ,,,,,,第１種住居地域,,,2021年第4四半期,,
成約価格情報,中古マンション等,,26103,京都府,京都市左京区,高野東開町,27000000,,３ＬＤＫ,75,,,,,1980年,ＲＣ,,,,,,第１種住居地域,,,2021年第4四半期,,
成約価格情報,中古マンション等,,26103,京都府,京都市左京区,高野東開町,21000000,,２ＬＤＫ,65,,,,,1981年,ＲＣ,,,,,,第１種住居地域,,,2021年第4四半期,,
成約価格情報,中古マンション等,,26103,京都府,京都市左京区,高野東開町,38000000,,２ＬＤＫ,65,,,,,2013年,ＲＣ,,,,,,第１種住居地域,,,2021年第4四半期,,
成約価格情報,中古マンション等,,26103,京都府,京都市左京区,高野東開町,23000000,,３ＤＫ,65,,,,,1981年,ＲＣ,,,,,,第１種住居地域,,,2021年第4四半期,,
成約価格情報,中古マンション等,,26103,京都府,京都市左京区,高野東開町,25000000,,２ＬＤＫ,65,,,,,1981年,ＲＣ,,,,,,第１種住居地域,,,2021年第4四半期,,
成約価格情報,宅地(土地と建物),,26103,京都府,京都市左京区,東門前町,11000000,,１Ｋ,45,,,,30,1948年,木造,,,南,私道,2,第２種住居地域,60,200,2021年第4四半期,,
成約価格情報,宅地(土地と建物),,26103,京都府,京都市左京区,東門前町,9000000,,４Ｋ,35,,,,25, ,木造,,,北,私道,2,第２種住居地域,60,200,2021年第4四半期,,
成約価格情報,宅地(土地と建物),,26103,京都府,京都市左京区,松ケ崎柳井田町,58000000,,４ＬＤＫ,125,,,,95,2006年,木造,,,北,私道,6,第１種低層住居専用地域,50,80,2021年第4四半期,,
成約価格情報,中古マンション等,,26103,京都府,京都市左京区,吉田河原町,55000000,,２ＬＤＫ,70,,,,,2005年,ＲＣ,,,,,,第２種住居地域,,,2021年第4四半期,,
不動産取引価格情報,中古マンション等,,26103,京都府,京都市左京区,一乗寺野田町,32000000,,２ＬＤＫ,65,,,,,1976年,ＲＣ,,住宅,,,,第２種住居地域,60,300,2021年第4四半期,改装済み,
不動産取引価格情報,宅地(土地),住宅地,26103,京都府,京都市左京区,岩倉北池田町,98000000,730000,,440,220000,長方形,12.9,, ,,,住宅,北,市道,6,第１種低層住居専用地域,40,60,2021年第4四半期,,
不動産取引価格情報,宅地(土地と建物),住宅地,26103,京都府,京都市左京区,岩倉中在地町,42000000,,,165,,ほぼ台形,11,90,2021年,木造,住宅,住宅,北,府道,6.4,第１種低層住居専用地域,40,60,2021年第4四半期,,
不動産取引価格情報,中古マンション等,,26103,京都府,京都市左京区,岩倉西宮田町,36000000,,３ＬＤＫ,65,,,,,2000年,ＲＣ,住宅,住宅,,,,第２種中高層住居専用地域,60,200,2021年第4四半期,未改装,
不動産取引価格情報,宅地(土地と建物),住宅地,26103,京都府,京都市左京区,大原戸寺町,5000000,,,460,,ほぼ長方形,13,135, ,木造,住宅、その他,事務所,北,市道,3.3,市街化調整区域,,,2021年第4四半期,,
不動産取引価格情報,宅地(土地と建物),住宅地,26103,京都府,京都市左京区,静市市原町,9500000,,,145,,袋地等,3,90,1988年,木造,,住宅,南西,市道,7.4,第１種低層住居専用地域,40,60,2021年第4四半期,,
不動産取引価格情報,宅地(土地と建物),住宅地,26103,京都府,京都市左京区,静市市原町,49000000,,,165,,ほぼ長方形,10,100,2022年,木造,住宅,住宅,南,私道,6,第１種低層住居専用地域,40,60,2021年第4四半期,,
不動産取引価格情報,宅地(土地),宅地見込地,26103,京都府,京都市左京区,静市市原町,5000000,25000,,650,7600,不整形,30,, ,,,,北,道路,5.6,第１種低層住居専用地域,40,60,2021年第4四半期,,
不動産取引価格情報,宅地(土地と建物),住宅地,26103,京都府,京都市左京区,静市市原町,47000000,,,280,,ほぼ長方形,15.5,130,2020年,木造,住宅,住宅,北東,市道,6,第１種低層住居専用地域,40,60,2021年第4四半期,,
不動産取引価格情報,宅地(土地と建物),工業地,26103,京都府,京都市左京区,静市野中町,8000000,,,330,,ほぼ台形,23,130, ,,倉庫,,北西,市道,88,市街化調整区域,,,2021年第4四半期,,
不動産取引価格情報,宅地(土地と建物),住宅地,26103,京都府,京都市左京区,下鴨宮河町,13000000,,,70,,ほぼ長方形,5.3,65, ,,,住宅,南,私道,4,第１種低層住居専用地域,40,100,2021年第4四半期,,私道を含む取引
不動産取引価格情報,宅地(土地と建物),住宅地,26103,京都府,京都市左京区,下鴨宮河町,46000000,,,130,,ほぼ長方形,9.5,105, ,木造,住宅,住宅,北西,県道,6.2,第１種低層住居専用地域,40,100,2021年第4四半期,,
不動産取引価格情報,宅地(土地と建物),住宅地,26103,京都府,京都市左京区,田中北春菜町,42000000,,,145,,長方形,7.3,100, ,木造,住宅,住宅,北,市道,6,第１種低層住居専用地域,50,80,2021年第4四半期,,
不動産取引価格情報,宅地(土地と建物),住宅地,26103,京都府,京都市左京区,田中古川町,25000000,,,75,,長方形,5,100,1971年,木造,住宅,住宅,南東,市道,6,第１種住居地域,60,200,2021年第4四半期,,
不動産取引価格情報,宅地(土地と建物),住宅地,26103,京都府,京都市左京区,松ケ崎御所ノ内町,53000000,,,110,,長方形,5.3,90,2021年,木造,住宅,住宅,南,府道,6,第１種低層住居専用地域,50,80,2021年第4四半期,,
不動産取引価格情報,宅地(土地),住宅地,26103,京都府,京都市左京区,松ケ崎堂ノ上町,45000000,1100000,,140,330000,不整形,25.2,, ,,,住宅,西,市道,5,第１種低層住居専用地域,50,80,2021年第4四半期,,
不動産取引価格情報,宅地(土地),住宅地,26103,京都府,京都市左京区,八瀬近衛町,3000000,33000,,300,10000,長方形,11,, ,,,,南,市道,2,第１種低層住居専用地域,40,60,2021年第4四半期,,
不動産取引価格情報,中古マンション等,,26103,京都府,京都市左京区,八瀬野瀬町,11000000,,１ＬＤＫ,55,,,,,1988年,ＲＣ,住宅,住宅,,,,第２種中高層住居専用地域,60,200,2021年第4四半期,,
不動産取引価格情報,中古マンション等,,26103,京都府,京都市左京区,八瀬野瀬町,10000000,,２ＬＤＫ,65,,,,,1988年,ＲＣ,住宅,住宅,,,,第２種中高層住居専用地域,60,200,2021年第4四半期,未改装,
不動産取引価格情報,宅地(土地と建物),住宅地,26103,京都府,京都市左京区,吉田神楽岡町,40000000,,,80,,不整形,12.3,80,2022年,木造,住宅,住宅,北東,市道,3.6,第１種低層住居専用地域,60,100,2021年第4四半期,,
不動産取引価格情報,宅地(土地と建物),住宅地,26103,京都府,京都市左京区,吉田中阿達町,67000000,,,230,,ほぼ整形,7.6,110, ,木造,住宅,その他,西,市道,8.3,第１種住居地域,60,200,2021年第4四半期,,
成約価格情報,中古マンション等,,26103,京都府,京都市左京区,粟田口鳥居町,96000000,,４ＬＤＫ,130,,,,,2002年,ＲＣ,,,,,,第２種住居地域,,,2021年第4四半期,,
成約価格情報,宅地(土地と建物),,26103,京都府,京都市左京区,一乗寺才形町,25000000,,２ＬＤＫ,85,,,,60,2013年,木造,,,南,公道,,第１種低層住居専用地域,50,80,2021年第4四半期,,
成約価格情報,中古マンション等,,26103,京都府,京都市左京区,岩倉中在地町,5300000,,４Ｋ,60,,,,,1972年,ＲＣ,,,,,,第１種低層住居専用地域,,,2021年第4四半期,,
成約価格情報,宅地(土地と建物),,26103,京都府,京都市左京区,岩倉中在地町,37000000,,３ＬＤＫ,150,,,,90,2021年,木造,,,東,公道,2.9,第１種低層住居専用地域,40,60,2021年第4四半期,,
成約価格情報,宅地(土地と建物),,26103,京都府,京都市左京区,岩倉南四ノ坪町,62000000,,１ＬＤＫ,165,,,,100,2011年,木造,,,北東,公道,6,第１種低層住居専用地域,40,60,2021年第4四半期,,
成約価格情報,宅地(土地と建物),,26103,京都府,京都市左京区,上高野上畑町,20000000,,２ＬＤＫ,80,,,,70,1996年,木造,,,北,私道,4,第１種低層住居専用地域,50,80,2021年第4四半期,,
成約価格情報,宅地(土地と建物),,26103,京都府,京都市左京区,北白川上終町,24000000,,３ＤＫ,60,,,,60, ,木造,,,西,公道,24,近隣商業地域,80,300,2021年第4四半期,,
成約価格情報,宅地(土地と建物),,26103,京都府,京都市左京区,静市市原町,20000000,,５ＬＤＫ,250,,,,125,1974年,木造,,,南,私道,6,第１種低層住居専用地域,30,60,2021年第4四半期,,
成約価格情報,宅地(土地と建物),,26103,京都府,京都市左京区,静市市原町,37000000,,４ＬＤＫ,155,,,,105,2021年,木造,,,北西,公道,8,第１種住居地域,40,200,2021年第4四半期,,
成約価格情報,宅地(土地と建物),,26103,京都府,京都市左京区,静市市原町,19000000,,４ＬＤＫ＋Ｓ,100,,,,100,2000年,木造,,,西,私道,5.9,第１種住居地域,60,200,2021年第4四半期,,
成約価格情報,宅地(土地と建物),,26103,京都府,京都市左京区,静市市原町,20000000,,５ＤＫ,150,,,,85,1976年,木造,,,南,公道,6,第１種低層住居専用地域,40,60,2021年第4四半期,,
成約価格情報,宅地(土地と建物),,26103,京都府,京都市左京区,静市市原町,25000000,,４ＬＤＫ,175,,,,95,2012年,木造,,,北,公道,6.7,第１種低層住居専用地域,40,60,2021年第4四半期,,
成約価格情報,宅地(土地と建物),,26103,京都府,京都市左京区,下鴨芝本町,25000000,,５Ｋ,100,,,,95,1966年,木造,,,,,,第１種低層住居専用地域,60,100,2021年第4四半期,,
成約価格情報,宅地(土地と建物),,26103,京都府,京都市左京区,松ケ崎木ノ本町,80000000,,２ＬＤＫ,150,,,,115,2021年,木造,,,南,私道,4.4,第１種低層住居専用地域,50,80,2021年第4四半期,,
成約価格情報,宅地(土地と建物),,26103,京都府,京都市左京区,岩倉三笠町,60000000,,３ＬＤＫ,160,,,,90,2021年,木造,,,北,公道,6,第１種低層住居専用地域,40,60,2021年第4四半期,,
不動産取引価格情報,宅地(土地),住宅地,26103,京都府,京都市左京区,岩倉中町,27000000,600000,,150,180000,ほぼ長方形,7.7,, ,,,,北,市道,6.1,第１種低層住居専用地域,40,60,2021年第4四半期,,隣地の購入
不動産取引価格情報,中古マンション等,,26103,京都府,京都市左京区,岩倉東宮田町,63000000,,３ＬＤＫ,80,,,,,2008年,ＲＣ,住宅,住宅,,,,第２種中高層住居専用地域,60,200,2021年第4四半期,未改装,
不動産取引価格情報,宅地(土地と建物),住宅地,26103,京都府,京都市左京区,岡崎円勝寺町,35000000,,,70,,台形,4.2,75,2005年,木造,住宅,住宅,南西,私道,3.1,第２種住居地域,60,200,2021年第4四半期,,
不動産取引価格情報,中古マンション等,,26103,京都府,京都市左京区,岡崎最勝寺町,120000000,,３ＬＤＫ,85,,,,,2016年,ＲＣ,住宅,,,,,第２種中高層住居専用地域,60,200,2021年第4四半期,未改装,
不動産取引価格情報,中古マンション等,,26103,京都府,京都市左京区,岡崎天王町,25000000,,１ＬＤＫ,40,,,,,1984年,ＲＣ,住宅,住宅,,,,第２種住居地域,60,300,2021年第4四半期,未改装,
不動産取引価格情報,宅地(土地と建物),住宅地,26103,京都府,京都市左京区,上高野東氷室町,22000000,,,65,,ほぼ長方形,6,55,1983年,木造,住宅,住宅,南,市道,4,第１種低層住居専用地域,50,100,2021年第4四半期,,
不動産取引価格情報,宅地(土地と建物),住宅地,26103,京都府,京都市左京区,北白川小倉町,52000000,,,135,,ほぼ長方形,7,120,1999年,鉄骨造,住宅,住宅,東,市道,6,第１種低層住居専用地域,50,80,2021年第4四半期,,
不動産取引価格情報,林地,,26103,京都府,京都市左京区,鞍馬本町,400000,,,8888,,,,, ,,,その他,,,,,,,2021年第4四半期,,
不動産取引価格情報,宅地(土地と建物),住宅地,26103,京都府,京都市左京区,鹿ケ谷桜谷町,38000000,,,100,,長方形,6.1,80,2008年,木造,住宅,住宅,南,市道,3.8,第１種低層住居専用地域,50,80,2021年第4四半期,,
不動産取引価格情報,宅地(土地と建物),住宅地,26103,京都府,京都市左京区,鹿ケ谷寺ノ前町,59000000,,,85,,ほぼ長方形,6,90, ,木造,住宅,住宅,南,私道,3.2,第１種低層住居専用地域,50,80,2021年第4四半期,,
不動産取引価格情報,宅地(土地と建物),住宅地,26103,京都府,京都市左京区,下鴨貴船町,25000000,,,65,,ほぼ長方形,5.3,75,1973年,木造,住宅,住宅,南,市道,6,第１種低層住居専用地域,60,100,2021年第4四半期,,
不動産取引価格情報,宅地(土地と建物),住宅地,26103,京都府,京都市左京区,下鴨松ノ木町,50000000,,,195,,長方形,9.1,170,1981年,木造,住宅,その他,西,私道,2.6,第１種低層住居専用地域,60,100,2021年第4四半期,,
不動産取引価格情報,宅地(土地),住宅地,26103,京都府,京都市左京区,下鴨松ノ木町,70000000,1100000,,210,340000,不整形,7.1,, ,,,事務所,南西,市道,5.8,近隣商業地域,80,200,2021年第4四半期,,
不動産取引価格情報,宅地(土地と建物),住宅地,26103,京都府,京都市左京区,下鴨松ノ木町,49000000,,,95,,袋地等,2.7,90,2021年,木造,住宅,住宅,北,市道,6,第２種中高層住居専用地域,60,200,2021年第4四半期,,私道を含む取引
不動産取引価格情報,宅地(土地),住宅地,26103,京都府,京都市左京区,修学院水川原町,3800000,330000,,40,100000,長方形,2.9,, ,,,その他,西,私道,3.3,第１種低層住居専用地域,50,80,2021年第4四半期,,
不動産取引価格情報,宅地(土地),住宅地,26103,京都府,京都市左京区,修学院水川原町,3800000,330000,,40,100000,ほぼ長方形,3,, ,,,その他,西,私道,3,第１種低層住居専用地域,50,80,2021年第4四半期,,
不動産取引価格情報,中古マンション等,,26103,京都府,京都市左京区,松ケ崎小竹藪町,52000000,,３ＬＤＫ,70,,,,,2014年,ＲＣ,住宅,住宅,,,,第２種中高層住居専用地域,60,300,2021年第4四半期,未改装,
不動産取引価格情報,中古マンション等,,26103,京都府,京都市左京区,松ケ崎小竹藪町,98000000,,２ＬＤＫ,105,,,,,2014年,ＲＣ,住宅,住宅,,,,第２種中高層住居専用地域,60,300,2021年第4四半期,未改装,
不動産取引価格情報,宅地(土地と建物),住宅地,26103,京都府,京都市左京区,吉田牛ノ宮町,23000000,,,100,,ほぼ正方形,,55,1966年,木造,住宅,住宅,南,私道,4,第１種住居地域,60,200,2021年第4四半期,,私道を含む取引
成約価格情報,中古マンション等,,26103,京都府,京都市左京区,一乗寺大原田町,18000000,,３ＬＤＫ,65,,,,,1985年,ＲＣ,,,,,,第１種住居地域,,,2021年第4四半期,,
成約価格情報,中古マンション等,,26103,京都府,京都市左京区,一乗寺地蔵本町,55000000,,３ＬＤＫ,80,,,,,2014年,ＲＣ,,,,,,第１種住居地域,,,2021年第4四半期,,
成約価格情報,中古マンション等,,26103,京都府,京都市左京区,一乗寺地蔵本町,55000000,,４ＬＤＫ,90,,,,,2014年,ＲＣ,,,,,,第１種住居地域,,,2021年第4四半期,,
成約価格情報,中古マンション等,,26103,京都府,京都市左京区,岩倉東宮田町,63000000,,３ＬＤＫ,85,,,,,2008年,ＲＣ,,,,,,第２種中高層住居専用地域,,,2021年第4四半期,,
成約価格情報,中古マンション等,,26103,京都府,京都市左京区,岩倉南池田町,38000000,,３ＬＤＫ,70,,,,,2001年,ＲＣ,,,,,,第２種中高層住居専用地域,,,2021年第4四半期,,
成約価格情報,中古マンション等,,26103,京都府,京都市左京区,岡崎最勝寺町,120000000,,３ＬＤＫ,90,,,,,2016年,ＲＣ,,,,,,,,,2021年第4四半期,,
成約価格情報,宅地(土地と建物),,26103,京都府,京都市左京区,岡崎最勝寺町,45000000,,４ＬＤＫ,120,,,,120,1982年,軽量鉄骨造,,,,,,第２種中高層住居専用地域,60,160,2021年第4四半期,,
成約価格情報,中古マンション等,,26103,京都府,京都市左京区,岡崎天王町,80000000,,３ＬＤＫ,95,,,,,2008年,ＲＣ,,,,,,第１種中高層住居専用地域,,,2021年第4四半期,,
成約価格情報,中古マンション等,,26103,京都府,京都市左京区,岡崎東天王町,18000000,,２ＤＫ,45,,,,,1977年,ＲＣ,,,,,,近隣商業地域,,,2021年第4四半期,,
成約価格情報,宅地(土地と建物),,26103,京都府,京都市左京区,北白川小倉町,52000000,,３ＬＤＫ＋Ｓ,140,,,,120,1999年,鉄骨造,,,東,公道,6,第１種低層住居専用地域,50,80,2021年第4四半期,,
成約価格情報,宅地(土地と建物),,26103,京都府,京都市左京区,鹿ケ谷桜谷町,36000000,,４ＤＫ,105,,,,80,2008年,木造,,,南,公道,4,第１種低層住居専用地域,50,80,2021年第4四半期,,
成約価格情報,宅地(土地と建物),,26103,京都府,京都市左京区,下鴨貴船町,25000000,,５ＤＫ,70,,,,80,1973年,木造,,,南,公道,5.9,第１種低層住居専用地域,60,100,2021年第4四半期,,
成約価格情報,宅地(土地と建物),,26103,京都府,京都市左京区,下鴨東半木町,15000000,,３ＤＫ,45,,,,55, ,木造,,,西,私道,3.3,第１種低層住居専用地域,50,80,2021年第4四半期,,
成約価格情報,宅地(土地と建物),,26103,京都府,京都市左京区,下鴨松ノ木町,49000000,,３ＬＤＫ,95,,,,95,2020年,木造,,,北,公道,5.9,第２種中高層住居専用地域,60,200,2021年第4四半期,,
成約価格情報,宅地(土地と建物),,26103,京都府,京都市左京区,修学院北沮沢町,30000000,,２ＬＤＫ＋Ｓ,95,,,,75,2021年,木造,,,南,公道,3.6,第１種低層住居専用地域,50,80,2021年第4四半期,,
成約価格情報,宅地(土地と建物),,26103,京都府,京都市左京区,杉本町,18000000,,３Ｋ,40,,,,50,2004年,木造,,,北,公道,2,第１種住居地域,60,160,2021年第4四半期,,
成約価格情報,中古マンション等,,26103,京都府,京都市左京区,高野蓼原町,30000000,,２ＤＫ,75,,,,,1984年,ＲＣ,,,,,,準工業地域,,,2021年第4四半期,,
成約価格情報,中古マンション等,,26103,京都府,京都市左京区,高野蓼原町,40000000,,４ＬＤＫ,95,,,,,1984年,ＳＲＣ,,,,,,準工業地域,,,2021年第4四半期,,
成約価格情報,中古マンション等,,26103,京都府,京都市左京区,高野蓼原町,5500000,,１Ｋ,20,,,,,1987年,ＲＣ,,,,,,,,,2021年第4四半期,,
成約価格情報,宅地(土地と建物),,26103,京都府,京都市左京区,田中大久保町,25000000,,４ＤＫ,75,,,,95, ,木造,,,南,公道,5.9,第１種住居地域,60,200,2021年第4四半期,,
成約価格情報,宅地(土地と建物),,26103,京都府,京都市左京区,松ケ崎杉ケ海道町,39000000,,３ＬＤＫ,65,,,,75,2020年,木造,,,北,私道,5,第１種中高層住居専用地域,60,200,2021年第4四半期,,
不動産取引価格情報,宅地(土地と建物),住宅地,26103,京都府,京都市左京区,一乗寺塚本町,83000000,,,320,,長方形,11.5,290,1961年,木造,住宅,住宅,南,市道,6,第１種低層住居専用地域,50,80,2021年第4四半期,,
不動産取引価格情報,宅地(土地),住宅地,26103,京都府,京都市左京区,一乗寺宮ノ東町,49000000,1000000,,155,310000,長方形,9.2,, ,,,住宅,南,市道,6,第１種低層住居専用地域,50,80,2021年第4四半期,,
不動産取引価格情報,宅地(土地と建物),住宅地,26103,京都府,京都市左京区,岩倉幡枝町,37000000,,,125,,ほぼ長方形,13.4,75,2020年,木造,住宅,住宅,南,市道,6,第１種低層住居専用地域,40,60,2021年第4四半期,,
不動産取引価格情報,宅地(土地),住宅地,26103,京都府,京都市左京区,岩倉幡枝町,30000000,530000,,190,160000,不整形,,, ,,,住宅,南東,市道,14.4,第２種中高層住居専用地域,60,200,2021年第4四半期,,
不動産取引価格情報,中古マンション等,,26103,京都府,京都市左京区,岩倉花園町,22000000,,３ＬＤＫ,60,,,,,1995年,ＲＣ,住宅,住宅,,,,第２種中高層住居専用地域,60,200,2021年第4四半期,未改装,
不動産取引価格情報,宅地(土地と建物),住宅地,26103,京都府,京都市左京区,岩倉花園町,58000000,,,170,,ほぼ長方形,12.1,105,2022年,木造,住宅,住宅,北東,市道,5,第１種低層住居専用地域,40,60,2021年第4四半期,,
不動産取引価格情報,宅地(土地と建物),住宅地,26103,京都府,京都市左京区,岩倉村松町,33000000,,,200,,台形,10.9,90,2021年,木造,住宅,,北西,市道,6,第１種低層住居専用地域,40,60,2021年第4四半期,,
不動産取引価格情報,宅地(土地と建物),住宅地,26103,京都府,京都市左京区,大原大長瀬町,16000000,,,140,,ほぼ長方形,6,50,1969年,木造,住宅,住宅,東,道路,2.7,市街化調整区域,60,100,2021年第4四半期,,
不動産取引価格情報,宅地(土地と建物),住宅地,26103,京都府,京都市左京区,北白川東蔦町,160000000,,,430,,ほぼ整形,,900,2003年,鉄骨造,共同住宅、店舗,住宅,北,市道,11,第２種中高層住居専用地域,60,200,2021年第4四半期,,
不動産取引価格情報,宅地(土地と建物),住宅地,26103,京都府,京都市左京区,鹿ケ谷上宮ノ前町,40000000,,,65,,ほぼ長方形,6.5,105,2021年,木造,住宅,住宅,北,市道,4,第１種中高層住居専用地域,60,200,2021年第4四半期,,
不動産取引価格情報,宅地(土地と建物),住宅地,26103,京都府,京都市左京区,鹿ケ谷上宮ノ前町,30000000,,,75,,ほぼ長方形,5.5,95,2004年,木造,住宅,住宅,北,市道,4,第１種中高層住居専用地域,60,200,2021年第4四半期,,
不動産取引価格情報,宅地(土地と建物),住宅地,26103,京都府,京都市左京区,鹿ケ谷上宮ノ前町,80000000,,,170,,ほぼ正方形,13,155,1992年,,住宅,住宅,南,市道,5,第１種中高層住居専用地域,60,200,2021年第4四半期,,
不動産取引価格情報,宅地(土地),商業地,26103,京都府,京都市左京区,下鴨梅ノ木町,71000000,1200000,,195,360000,長方形,7,, ,,,住宅,東,市道,25,近隣商業地域,80,300,2021年第4四半期,,
不動産取引価格情報,宅地(土地と建物),住宅地,26103,京都府,京都市左京区,下鴨西本町,5000000,,,65,,長方形,4,30, ,木造,住宅,倉庫,南,私道,3,第１種低層住居専用地域,60,100,2021年第4四半期,,私道を含む取引
不動産取引価格情報,宅地(土地),住宅地,26103,京都府,京都市左京区,下鴨東塚本町,86000000,1400000,,200,430000,長方形,9.1,, ,,,その他,北,市道,6,第１種低層住居専用地域,50,80,2021年第4四半期,,
不動産取引価格情報,宅地(土地),住宅地,26103,京都府,京都市左京区,下鴨夜光町,65000000,1500000,,145,440000,長方形,7.5,, ,,,その他,南,市道,6,第１種低層住居専用地域,50,80,2021年第4四半期,,
不動産取引価格情報,宅地(土地と建物),住宅地,26103,京都府,京都市左京区,修学院千万田町,3600000,,,55,,ほぼ整形,4,45,1967年,木造,住宅,住宅,北,私道,4,第１種低層住居専用地域,50,80,2021年第4四半期,,私道を含む取引
不動産取引価格情報,中古マンション等,,26103,京都府,京都市左京区,聖護院山王町,450000,,２Ｋ,30,,,,,1974年,ＳＲＣ,住宅,住宅,,,,近隣商業地域,80,300,2021年第4四半期,未改装,瑕疵有りの可能性
不動産取引価格情報,宅地(土地と建物),住宅地,26103,京都府,京都市左京区,聖護院中町,28000000,,,70,,長方形,5,110,1997年,木造,住宅,住宅,西,私道,2,第１種中高層住居専用地域,60,200,2021年第4四半期,,
不動産取引価格情報,中古マンション等,,26103,京都府,京都市左京区,聖護院蓮華蔵町,22000000,,１ＬＤＫ,50,,,,,1970年,ＲＣ,住宅,住宅,,,,第１種住居地域,60,200,2021年第4四半期,改装済み,
不動産取引価格情報,宅地(土地と建物),住宅地,26103,京都府,京都市左京区,浄土寺下馬場町,53000000,,,80,,ほぼ長方形,14,80,2022年,木造,住宅,住宅,西,市道,6,第１種低層住居専用地域,60,100,2021年第4四半期,,
不動産取引価格情報,宅地(土地と建物),住宅地,26103,京都府,京都市左京区,田中上玄京町,25000000,,,130,,ほぼ長方形,6,90, ,木造,住宅,住宅,南西,市道,6,第１種住居地域,60,200,2021年第4四半期,,
不動産取引価格情報,宅地(土地と建物),住宅地,26103,京都府,京都市左京区,田中南西浦町,37000000,,,75,,ほぼ長方形,5.7,95,2021年,木造,住宅,住宅,南東,私道,3,準工業地域,60,200,2021年第4四半期,,私道を含む取引
不動産取引価格情報,宅地(土地),住宅地,26103,京都府,京都市左京区,松ケ崎海尻町,84000000,1400000,,200,420000,ほぼ長方形,9,, ,,,住宅,北,市道,6,第１種低層住居専用地域,50,80,2021年第4四半期,,
不動産取引価格情報,宅地(土地と建物),住宅地,26103,京都府,京都市左京区,松ケ崎河原田町,60000000,,,130,,ほぼ長方形,7.7,100,2021年,木造,住宅,住宅,南東,市道,6,第１種低層住居専用地域,50,80,2021年第4四半期,,
不動産取引価格情報,中古マンション等,,26103,京都府,京都市左京区,山端橋ノ本町,13000000,,１Ｋ,20,,,,,2011年,ＲＣ,住宅,その他,,,,第２種中高層住居専用地域,60,200,2021年第4四半期,,
不動産取引価格情報,宅地(土地),住宅地,26103,京都府,京都市左京区,岩倉北桑原町,67000000,950000,,230,290000,長方形,17.4,, ,,,住宅,北,市道,10,第１種低層住居専用地域,40,60,2021年第4四半期,,
成約価格情報,宅地(土地と建物),,26103,京都府,京都市左京区,一乗寺木ノ本町,41000000,,４ＬＤＫ,115,,,,90,2009年,木造,,,北,公道,6,第１種低層住居専用地域,50,80,2021年第4四半期,,
成約価格情報,宅地(土地と建物),,26103,京都府,京都市左京区,一乗寺里ノ前町,19000000,,４ＬＤＫ,105,,,,110,1979年,木造,,,東,私道,2.7,第１種低層住居専用地域,50,80,2021年第4四半期,,
成約価格情報,宅地(土地と建物),,26103,京都府,京都市左京区,岩倉幡枝町,30000000,,３ＬＤＫ,170,,,,90, ,木造,,,北,公道,4,第１種低層住居専用地域,40,60,2021年第4四半期,,
成約価格情報,中古マンション等,,26103,京都府,京都市左京区,岩倉花園町,23000000,,３ＬＤＫ,65,,,,,1995年,ＲＣ,,,,,,第１種住居地域,,,2021年第4四半期,,
成約価格情報,宅地(土地と建物),,26103,京都府,京都市左京区,岩倉村松町,34000000,,４ＬＤＫ,200,,,,95,2021年,木造,,,北西,公道,6,第１種低層住居専用地域,30,60,2021年第4四半期,,
成約価格情報,宅地(土地と建物),,26103,京都府,京都市左京区,岩倉村松町,39000000,,４ＬＤＫ,230,,,,105,2020年,木造,,,南東,公道,6.2,第１種低層住居専用地域,30,60,2021年第4四半期,,
成約価格情報,宅地(土地と建物),,26103,京都府,京都市左京区,岩倉村松町,34000000,,４ＬＤＫ,175,,,,90,2021年,木造,,,北東,公道,6,第１種低層住居専用地域,30,60,2021年第4四半期,,
成約価格情報,宅地(土地と建物),,26103,京都府,京都市左京区,岩倉村松町,22000000,,４ＬＤＫ,145,,,,80,2007年,木造,,,北,私道,6,第１種低層住居専用地域,40,80,2021年第4四半期,,
成約価格情報,宅地(土地と建物),,26103,京都府,京都市左京区,岩倉村松町,12000000,,５ＬＤＫ,100,,,,80,1974年,ＲＣ,,,北,公道,6,第１種低層住居専用地域,40,80,2021年第4四半期,,
成約価格情報,宅地(土地と建物),,26103,京都府,京都市左京区,岩倉村松町,19000000,,４ＤＫ,100,,,,75,1974年,ＲＣ,,,南,公道,6,第１種低層住居専用地域,50,80,2021年第4四半期,,
成約価格情報,宅地(土地と建物),,26103,京都府,京都市左京区,鹿ケ谷上宮ノ前町,73000000,,３ＬＤＫ,175,,,,160,1995年,軽量鉄骨造,,,南,公道,6,第１種中高層住居専用地域,60,200,2021年第4四半期,,
成約価格情報,宅地(土地と建物),,26103,京都府,京都市左京区,鹿ケ谷上宮ノ前町,40000000,,３ＬＤＫ,65,,,,110,2021年,木造,,,北,私道,4,第１種中高層住居専用地域,60,160,2021年第4四半期,,
成約価格情報,宅地(土地と建物),,26103,京都府,京都市左京区,鹿ケ谷上宮ノ前町,31000000,,４ＬＤＫ,80,,,,100,2004年,木造,,,北,公道,4,第１種中高層住居専用地域,60,160,2021年第4四半期,,
成約価格情報,宅地(土地と建物),,26103,京都府,京都市左京区,下鴨膳部町,51000000,,４ＬＤＫ＋Ｓ,130,,,,100,1991年,木造,,,北,私道,3.1,第１種低層住居専用地域,60,100,2021年第4四半期,,
成約価格情報,宅地(土地と建物),,26103,京都府,京都市左京区,下鴨東高木町,95000000,,４ＬＤＫ,525,,,,145,2004年,木造,,,北,公道,5.9,第１種低層住居専用地域,60,100,2021年第4四半期,,
成約価格情報,中古マンション等,,26103,京都府,京都市左京区,聖護院蓮華蔵町,22000000,,１ＬＤＫ＋Ｓ,50,,,,,1970年,ＲＣ,,,,,,第１種住居地域,,,2021年第4四半期,,
成約価格情報,宅地(土地と建物),,26103,京都府,京都市左京区,浄土寺下南田町,17000000,,３ＬＤＫ,65,,,,80, ,木造,,,東,私道,3,第１種低層住居専用地域,50,80,2021年第4四半期,,
